RUT;Nombre;Genero;Fecha_Nacimiento;Previsión;Monto_Deuda
16.302.272-9;Andrea Javiera Robles Díaz;FEMENINO;1971/7/11;FONASA;1871093
5.03.060-9;Daniela Victoria Ruiz López;FEMENINO;1970/7/23;FONASA;793322
12.074.719-9;Francisco Felipe Castro Rojas;MASCULINO;1966/2/22;FONASA;320538
19.121.201-0;Cecilia Valeria Díaz González;FEMENINO;1998/4/15;FONASA;469335
20.348.342-8;Pablo Vicente Valenzuela Campos;MASCULINO;1978/1/15;ISAPRE;759052
14.647.075-5;María Isabel López Campos;FEMENINO;1964/7/18;FONASA;271343
15.116.696-3;Javiera Valeria Valenzuela Valenzuela;FEMENINO;1987/5/25;FONASA;647743
13.350.486-8;Pedro Bernardo Muñoz Vergara;MASCULINO;1990/5/12;FONASA;1130031
14.086.677-4;Pedro Juan Saavedra Quiroga;MASCULINO;1989/9/28;FONASA;1707784
6.111.964-8;Daniela Paula Valenzuela López;FEMENINO;2000/11/6;FONASA;1795495
6.980.665-5;Isidora Victoria Vergara López;FEMENINO;1976/1/1;ISAPRE;158492
13.880.857-6;Juan Gabriel Campos Vergara;MASCULINO;1966/6/30;FONASA;1717168
8.594.275-2;Cecilia Daniela Rodríguez Castro;FEMENINO;1970/3/22;FONASA;1386879
4.517.042-2;María Victoria Saavedra Quiroga;FEMENINO;1974/9/28;FONASA;1812261
14.780.366-5;Francisco Javier Vergara Quiroga;MASCULINO;1974/12/1;ISAPRE;689805
13.714.385-0;Victoria Pamela González Saavedra;FEMENINO;1990/2/20;ISAPRE;1165692
11.878.247-7;Constanza Cecilia González Valenzuela;FEMENINO;1998/2/28;FONASA;1732286
15.359.207-5;Ignacio Andrés Robles Marín;MASCULINO;1977/5/3;FONASA;1076294
12.341.380-3;Juan Felipe González Vergara;MASCULINO;1966/7/0;FONASA;934966
8.178.106-7;Ignacio Bernardo Saavedra Vergara;MASCULINO;1962/2/23;FONASA;1713289
12.326.886-9;Felipe Bernardo González Valenzuela;MASCULINO;1989/4/7;FONASA;1071736
7.282.600-2;Victoria María Saavedra Muñoz;FEMENINO;1988/7/27;FONASA;837117
19.639.522-9;Rodrigo Vicente Marín Rodríguez;MASCULINO;1972/10/11;ISAPRE;767290
14.033.386-1;Andrés Felipe Rodríguez Marín;MASCULINO;1982/10/28;ISAPRE;543030
18.074.219-8;Victoria Isidora Castro Marín;FEMENINO;1989/8/14;FONASA;1092520
21.757.948-4;Paula Constanza Rodríguez Marín;FEMENINO;1964/3/14;ISAPRE;1511433
21.247.134-4;Bernardo Vicente Rojas Rodríguez;MASCULINO;1978/9/15;FONASA;158871
8.189.823-8;Isabel Pamela Ruiz Campos;FEMENINO;1981/8/28;ISAPRE;1827813
9.259.149-0;Gabriel Javier López Rodríguez;MASCULINO;1998/4/13;FONASA;758533
16.591.368-1;Andrés Pedro Rodríguez Castro;MASCULINO;1983/3/12;ISAPRE;1903058
10.819.343-9;Pablo Pablo Valenzuela Marín;MASCULINO;1985/4/3;FONASA;1840242
16.888.072-5;Andrea Cecilia Muñoz Saavedra;FEMENINO;1964/10/3;ISAPRE;1997623
13.568.776-7;Andrea Isidora Castro Muñoz;FEMENINO;1972/1/4;FONASA;1349311
10.741.901-4;Pamela Javiera Vergara Robles;FEMENINO;2000/11/18;FONASA;1395492
4.300.851-6;Francisco Alejandro Castro Robles;MASCULINO;1973/3/21;ISAPRE;1043670
18.146.566-9;Isabel Cecilia Rojas Ruiz;FEMENINO;1994/5/4;ISAPRE;1915568
12.963.496-3;Vicente Bernardo Marín Castro;MASCULINO;1995/1/17;FONASA;1275297
12.694.079-3;Valeria Constanza Saavedra Valenzuela;FEMENINO;1982/3/30;FONASA;1967676
10.807.05-5;Ramón Felipe Díaz Díaz;MASCULINO;1976/10/2;FONASA;1794523
5.036.816-5;Vicente Javier Saavedra Ruiz;MASCULINO;1983/2/16;ISAPRE;1502238
17.454.522-5;Pablo Javier Campos Ruiz;MASCULINO;1971/6/2;ISAPRE;777576
16.439.209-5;Isabel Blanca Quiroga Marín;FEMENINO;1997/3/15;FONASA;730748
19.543.570-3;Andrea Isabel Rodríguez Vergara;FEMENINO;1976/5/30;FONASA;291152
5.449.462-3;Bernardo Juan Muñoz Valenzuela;MASCULINO;1974/10/1;FONASA;1174500
17.904.231-8;Javier Gabriel Rojas Díaz;MASCULINO;1973/8/2;FONASA;613327
4.682.642-4;Ramón Rodrigo Marín Muñoz;MASCULINO;1998/11/29;ISAPRE;856529
11.100.575-9;Daniela Cecilia Campos Rojas;FEMENINO;1967/2/0;FONASA;638503
14.100.661-9;Pablo Rodrigo Rodríguez Ruiz;MASCULINO;1993/11/27;FONASA;1998717
8.226.373-8;Pedro Vicente Muñoz Rojas;MASCULINO;1961/12/23;FONASA;829052
12.075.215-8;Francisco Ignacio Ruiz Marín;MASCULINO;1990/6/21;ISAPRE;160790
20.950.595-9;Cecilia Victoria Castro Ruiz;FEMENINO;1993/7/30;FONASA;457915
21.100.495-6;Cecilia Blanca López Ruiz;FEMENINO;1998/8/13;FONASA;114605
10.641.083-9;Pamela Ignacia Vergara Muñoz;FEMENINO;1961/3/19;FONASA;1422042
5.690.251-5;Felipe Juan Ruiz Vergara;MASCULINO;1977/5/17;FONASA;909112
20.091.205-1;Ignacia Blanca Marín Vergara;FEMENINO;1987/1/25;FONASA;1185092
17.109.014-7;Isidora Isabel Rodríguez Valenzuela;FEMENINO;1971/9/10;ISAPRE;391038
17.875.796-0;Andrés Rodrigo Marín López;MASCULINO;1998/6/6;FONASA;1623531
9.513.097-0;Isabel Constanza Muñoz Rodríguez;FEMENINO;1991/1/10;FONASA;812935
17.307.086-9;Ramón Juan González Muñoz;MASCULINO;1971/10/5;FONASA;1363345
18.782.070-4;Felipe Javier Rodríguez Rojas;MASCULINO;1984/4/12;FONASA;1714251
4.418.447-8;Felipe Ramón Castro Castro;MASCULINO;1978/8/8;FONASA;133577
8.664.718-6;Pamela Blanca Vergara Rodríguez;FEMENINO;1974/5/25;ISAPRE;1782877
11.753.554-3;Blanca Constanza Valenzuela Castro;FEMENINO;1996/9/4;FONASA;1318619
16.912.511-5;Ignacia María Saavedra Robles;FEMENINO;1982/8/16;ISAPRE;350424
19.922.630-5;Paula Isabel Marín Rodríguez;FEMENINO;1985/6/2;FONASA;1514169
9.890.807-3;María Victoria Rojas Marín;FEMENINO;1992/5/10;FONASA;609152
21.798.515-1;Andrea Andrea Castro Rojas;FEMENINO;1996/4/12;FONASA;320305
18.230.385-7;Isabel Blanca Rojas Quiroga;FEMENINO;1978/5/3;FONASA;818652
7.287.859-1;Constanza Isabel Díaz Castro;FEMENINO;1965/8/24;ISAPRE;845569
21.392.972-7;Andrés Ignacio Marín Valenzuela;MASCULINO;1997/5/23;FONASA;1245275
18.533.361-4;Andrea Andrea Quiroga Saavedra;FEMENINO;1975/8/22;FONASA;1603321
13.161.717-3;Alejandro Andrés Campos Quiroga;MASCULINO;1973/5/5;FONASA;327226
11.871.218-8;Andrés Felipe Quiroga González;MASCULINO;1994/5/28;FONASA;264418
13.106.954-2;Pedro Vicente Ruiz Rodríguez;MASCULINO;1989/4/4;FONASA;170204
18.498.392-5;Andrés Rodrigo Díaz Campos;MASCULINO;1970/6/1;FONASA;1514301
19.355.348-1;María Valeria Valenzuela López;FEMENINO;1982/6/2;ISAPRE;1918747
13.403.789-8;Vicente Bernardo Rojas Valenzuela;MASCULINO;1986/8/0;ISAPRE;1742723
5.575.410-4;Javiera Cecilia Saavedra Díaz;FEMENINO;1986/5/4;FONASA;1479391
6.262.939-4;Valeria Javiera Muñoz Castro;FEMENINO;1971/2/7;ISAPRE;877315
9.248.552-0;Blanca María Ruiz Vergara;FEMENINO;1990/3/13;FONASA;949868
7.638.517-6;Pablo Ignacio Saavedra Rojas;MASCULINO;1993/9/21;FONASA;632655
5.632.295-5;Valeria Cecilia Vergara Rojas;FEMENINO;1991/2/28;FONASA;939512
14.502.656-2;Ignacio Bernardo López Rodríguez;MASCULINO;1973/12/21;FONASA;128698
4.762.194-6;María Valeria Muñoz González;FEMENINO;1984/6/2;ISAPRE;924972
16.543.145-1;Pamela Victoria Robles Vergara;FEMENINO;1992/12/29;FONASA;207982
13.588.927-9;Alejandro Bernardo Vergara Marín;MASCULINO;1963/12/20;ISAPRE;1193676
8.034.555-5;Vicente Ignacio Valenzuela Quiroga;MASCULINO;1987/9/4;ISAPRE;432738
21.617.637-4;Constanza Blanca Saavedra Díaz;FEMENINO;1989/1/9;ISAPRE;119190
14.799.844-8;Pamela Paula Campos Quiroga;FEMENINO;1982/9/3;FONASA;680334
15.916.920-7;María Paula González Vergara;FEMENINO;1967/4/10;ISAPRE;606282
13.610.685-6;Isidora Cecilia Castro Rodríguez;FEMENINO;1992/1/21;FONASA;417115
7.856.613-1;Alejandro Rodrigo Castro Robles;MASCULINO;1960/10/14;FONASA;645025
8.160.459-8;Victoria Andrea Rodríguez Marín;FEMENINO;1975/6/3;FONASA;352842
15.946.802-2;Constanza Andrea Campos Vergara;FEMENINO;1975/11/28;FONASA;1038954
7.482.245-8;Alejandro Gabriel Saavedra Campos;MASCULINO;1966/12/28;FONASA;1103423
15.328.419-5;Javiera Valeria Saavedra Campos;FEMENINO;1970/8/17;FONASA;801271
5.697.032-2;Gabriel Javier Quiroga Saavedra;MASCULINO;1996/6/5;ISAPRE;421830
9.066.541-3;Francisco Francisco Ruiz Quiroga;MASCULINO;1980/7/24;ISAPRE;565680
9.722.662-9;Gabriel Ignacio Castro Rodríguez;MASCULINO;1968/4/14;FONASA;1106772
19.196.453-0;Pamela Constanza López Muñoz;FEMENINO;1960/9/9;ISAPRE;1684246
14.014.09-9;Gabriel Felipe Díaz Marín;MASCULINO;1976/12/10;FONASA;568839
18.444.222-7;Francisco Bernardo Muñoz Castro;MASCULINO;1988/7/8;ISAPRE;978748
13.716.907-0;Juan Vicente Rodríguez Quiroga;MASCULINO;1972/1/5;FONASA;943929
17.734.624-0;Francisco Javier Marín Muñoz;MASCULINO;1979/8/29;FONASA;749244
19.186.540-6;Rodrigo Rodrigo Rodríguez Campos;MASCULINO;1992/8/10;FONASA;1710802
12.641.551-3;Daniela Victoria Rodríguez Quiroga;FEMENINO;1970/5/7;ISAPRE;381095
19.763.461-2;Alejandro Juan Campos Campos;MASCULINO;1972/6/11;ISAPRE;1897181
14.485.628-7;Bernardo Andrés Valenzuela Castro;MASCULINO;1961/8/9;FONASA;1195508
10.196.166-6;Javier Pedro Rodríguez Saavedra;MASCULINO;2000/4/0;FONASA;1691786
6.721.840-6;Javiera Ignacia Díaz Saavedra;FEMENINO;1991/11/26;FONASA;1621316
6.124.977-0;Andrea María Quiroga Ruiz;FEMENINO;1962/12/23;FONASA;221259
13.470.680-1;Felipe Javier Castro Vergara;MASCULINO;1975/10/0;FONASA;1144569
12.300.519-2;Francisco Bernardo Campos Quiroga;MASCULINO;1960/10/30;ISAPRE;171442
18.142.977-2;Valeria Valeria Castro Díaz;FEMENINO;1973/5/12;ISAPRE;1792868
4.367.282-7;Pamela Isidora Vergara Campos;FEMENINO;1989/6/0;ISAPRE;1419357
18.683.099-8;Pedro Felipe Saavedra Quiroga;MASCULINO;1986/9/5;ISAPRE;1304027
15.439.959-0;Francisco Juan Rojas Rodríguez;MASCULINO;1963/3/27;ISAPRE;818264
7.364.238-5;Bernardo Bernardo Saavedra Rodríguez;MASCULINO;1969/3/0;FONASA;1749593
14.340.136-3;Victoria Isabel Rodríguez Marín;FEMENINO;2000/4/15;ISAPRE;1562529
8.224.493-9;Isabel Blanca González Ruiz;FEMENINO;1995/10/17;FONASA;1733955
13.507.971-0;Valeria Andrea Díaz Rodríguez;FEMENINO;1991/4/0;FONASA;1836911
11.062.954-1;Pamela Paula Marín Valenzuela;FEMENINO;1991/7/23;FONASA;848408
12.932.519-9;Javier Francisco Rojas Saavedra;MASCULINO;1988/1/21;FONASA;1479315
18.484.987-8;Francisco Ignacio Ruiz Saavedra;MASCULINO;1973/11/22;FONASA;1261788
13.670.850-8;Andrés Francisco Rodríguez Robles;MASCULINO;1979/5/6;ISAPRE;1826919
5.855.455-1;Bernardo Gabriel Castro Castro;MASCULINO;1961/5/5;FONASA;1121929
14.648.384-5;Javier Francisco Marín López;MASCULINO;1960/8/28;FONASA;238699
21.255.359-6;Pamela Pamela Rodríguez Ruiz;FEMENINO;1997/11/14;ISAPRE;1976622
19.580.363-0;Daniela Valeria Campos López;FEMENINO;1993/2/5;FONASA;229412
16.973.515-7;Andrea Paula Castro Saavedra;FEMENINO;1979/10/16;FONASA;659772
8.482.164-2;Paula Javiera Rodríguez Rodríguez;FEMENINO;1971/5/16;FONASA;1605287
18.183.507-8;Pamela Javiera Marín Robles;FEMENINO;1993/5/23;FONASA;1578852
18.602.081-9;Isabel Isidora Muñoz Díaz;FEMENINO;1975/4/26;FONASA;442113
8.150.572-9;Francisco Javier Rodríguez Ruiz;MASCULINO;1992/11/27;FONASA;983881
4.464.256-0;Vicente Pedro Rodríguez Rodríguez;MASCULINO;1988/1/3;FONASA;1612052
7.357.126-8;Francisco Alejandro Saavedra Saavedra;MASCULINO;1979/10/20;ISAPRE;1650615
11.682.02-8;Pablo Alejandro Díaz González;MASCULINO;1987/11/3;FONASA;738699
12.797.358-4;María Javiera Vergara Quiroga;FEMENINO;1964/8/1;ISAPRE;119190
21.257.295-2;Pablo Pablo González Valenzuela;MASCULINO;1983/10/29;FONASA;1064682
14.386.214-6;Francisco Ramón Valenzuela Rojas;MASCULINO;1974/3/11;FONASA;838270
15.314.101-2;Javiera Javiera Rodríguez Muñoz;FEMENINO;1983/2/26;FONASA;1627715
10.339.894-8;Javier Alejandro Quiroga Ruiz;MASCULINO;2000/2/21;ISAPRE;1003616
4.877.352-5;Pablo Andrés Vergara Robles;MASCULINO;1977/11/7;ISAPRE;1151777
16.506.337-5;Constanza Javiera Vergara Rodríguez;FEMENINO;1965/12/19;FONASA;1577615
14.025.692-6;Blanca Isidora López Díaz;FEMENINO;1984/1/7;FONASA;121989
10.321.747-6;Andrés Pedro Marín Ruiz;MASCULINO;1980/10/22;ISAPRE;958845
5.478.446-2;Juan Alejandro Campos Rojas;MASCULINO;1961/4/23;FONASA;1277761
5.750.202-4;Pablo Francisco Muñoz Saavedra;MASCULINO;1989/4/29;FONASA;415132
9.929.201-2;Gabriel Gabriel Valenzuela Campos;MASCULINO;1960/5/30;FONASA;1753385
16.241.406-5;Valeria María González López;FEMENINO;1965/1/24;FONASA;820538
6.047.117-0;Isabel María Castro López;FEMENINO;1998/5/27;FONASA;1311580
7.514.540-5;Ramón Alejandro González Quiroga;MASCULINO;1972/10/8;ISAPRE;1983696
8.159.052-3;Valeria Blanca Robles Rodríguez;FEMENINO;1976/10/2;FONASA;460353
14.704.479-0;Ramón Bernardo Campos Ruiz;MASCULINO;1993/10/8;FONASA;622718
13.740.210-1;María Blanca Díaz Valenzuela;FEMENINO;1999/10/28;FONASA;1533164
7.124.780-7;Ignacia Valeria López Marín;FEMENINO;1972/7/10;ISAPRE;1406570
5.431.774-7;Isabel Pamela Castro Vergara;FEMENINO;1995/3/18;ISAPRE;194388
13.303.735-5;Bernardo Pablo Ruiz Marín;MASCULINO;1970/4/7;ISAPRE;1293645
5.012.158-8;Cecilia Victoria Valenzuela Quiroga;FEMENINO;1968/11/24;ISAPRE;1850866
4.560.823-7;Rodrigo Rodrigo Rojas González;MASCULINO;1981/10/29;ISAPRE;128177
19.044.644-8;Ignacio Rodrigo Rodríguez Vergara;MASCULINO;1984/11/27;FONASA;667091
21.050.545-7;Javier Ignacio Saavedra Ruiz;MASCULINO;1971/3/25;ISAPRE;1432581
16.367.864-1;Ignacia Paula Quiroga González;FEMENINO;1970/7/27;FONASA;1411664
10.398.526-6;Gabriel Javier Díaz López;MASCULINO;1967/11/14;ISAPRE;1200030
20.763.574-9;Alejandro Andrés Quiroga López;MASCULINO;1976/2/10;FONASA;1477747
15.531.840-9;Ignacia Isidora Saavedra Vergara;FEMENINO;1970/5/8;FONASA;1651190
12.228.608-8;Alejandro Pablo Rodríguez Vergara;MASCULINO;1962/2/21;FONASA;1176947
18.993.070-0;Ignacia Victoria Muñoz Muñoz;FEMENINO;1966/3/20;FONASA;113402
10.584.551-1;Constanza Isidora Campos Rodríguez;FEMENINO;1986/3/6;ISAPRE;1441998
4.941.591-9;Andrés Juan González Quiroga;MASCULINO;1962/10/25;FONASA;542687
4.254.365-4;Pedro Gabriel Rodríguez Robles;MASCULINO;1996/4/1;FONASA;538579
6.851.121-5;Isidora María Rojas Quiroga;FEMENINO;1999/8/26;FONASA;415843
19.759.402-4;Juan Felipe González Ruiz;MASCULINO;1986/12/28;FONASA;1029261
15.895.121-7;Vicente Gabriel Rodríguez Valenzuela;MASCULINO;1964/4/27;ISAPRE;1810531
21.222.801-0;Pablo Ignacio González Saavedra;MASCULINO;1986/11/3;FONASA;1788637
20.540.089-7;Constanza Valeria Marín Ruiz;FEMENINO;1984/5/10;FONASA;353298
4.403.683-5;Cecilia María Díaz Díaz;FEMENINO;1985/11/19;FONASA;1907188
16.476.698-0;Bernardo Ignacio Vergara Muñoz;MASCULINO;1984/5/3;FONASA;1134469
12.457.940-2;Pamela Cecilia Vergara Robles;FEMENINO;1963/11/5;FONASA;356779
17.947.532-3;María Ignacia Ruiz Rojas;FEMENINO;1997/2/26;FONASA;465180
18.402.956-7;Javiera Pamela Quiroga Campos;FEMENINO;1966/9/10;FONASA;1885670
7.085.873-2;Javier Rodrigo Quiroga Valenzuela;MASCULINO;1996/9/27;ISAPRE;1901755
19.266.951-7;Victoria Pamela Ruiz González;FEMENINO;1961/9/20;ISAPRE;804796
18.515.989-6;Bernardo Alejandro González Saavedra;MASCULINO;1991/7/0;FONASA;1232778
19.899.364-6;Vicente Rodrigo Campos Muñoz;MASCULINO;1994/10/4;FONASA;1804964
7.273.828-0;Juan Gabriel Castro Robles;MASCULINO;1977/3/0;FONASA;1319229
8.152.912-5;Javiera Pamela Robles González;FEMENINO;1972/1/16;FONASA;1755921
12.813.415-7;Ignacio Pablo Ruiz Castro;MASCULINO;1987/1/9;FONASA;272178
12.316.608-9;Ramón Javier Rojas Rodríguez;MASCULINO;1992/8/12;FONASA;1379632
12.585.168-6;Isabel Daniela Campos Ruiz;FEMENINO;1991/2/16;FONASA;1901101
8.898.828-9;Bernardo Juan Rodríguez Quiroga;MASCULINO;1969/6/1;FONASA;187672
8.847.485-0;Javier Juan Robles Campos;MASCULINO;1961/2/5;ISAPRE;1989892
13.194.146-2;Ignacia Constanza Castro Díaz;FEMENINO;1994/7/16;FONASA;1676167
5.900.879-7;Ignacio Rodrigo Muñoz Robles;MASCULINO;1982/12/23;FONASA;1441093
9.149.727-1;Pamela Daniela Castro Castro;FEMENINO;1991/11/23;FONASA;1449832
14.817.330-7;Javiera Javiera Vergara Muñoz;FEMENINO;1967/6/8;ISAPRE;244350
16.380.161-1;Juan Rodrigo González Muñoz;MASCULINO;1965/2/19;FONASA;1601812
9.953.059-5;Ignacia Ignacia Rojas Quiroga;FEMENINO;1970/9/16;FONASA;1095891
14.647.763-3;María Paula Díaz Valenzuela;FEMENINO;1977/11/29;FONASA;1812370
17.487.655-5;Rodrigo Javier Quiroga Valenzuela;MASCULINO;1975/5/16;FONASA;996228
10.325.279-4;Pamela Constanza Castro Muñoz;FEMENINO;1969/9/0;ISAPRE;1146271
4.052.951-6;Javiera Ignacia Díaz Quiroga;FEMENINO;1960/1/30;FONASA;1811786
18.447.261-4;Paula Blanca Vergara Campos;FEMENINO;1988/7/28;FONASA;873376
10.530.647-4;Pedro Rodrigo López Saavedra;MASCULINO;1991/10/3;FONASA;756935
8.566.143-8;Blanca Cecilia González Rodríguez;FEMENINO;1984/4/23;FONASA;1239890
21.590.620-3;Pablo Vicente Quiroga Valenzuela;MASCULINO;2000/8/6;FONASA;403870
17.144.264-2;Felipe Vicente Campos Vergara;MASCULINO;1996/1/29;FONASA;482563
13.081.032-8;Daniela Paula López Rodríguez;FEMENINO;1975/1/2;FONASA;844747
10.293.542-4;Javier Ignacio Ruiz González;MASCULINO;1986/11/20;FONASA;1984597
7.458.753-8;Pedro Gabriel Vergara Campos;MASCULINO;1978/1/5;ISAPRE;1807201
17.539.870-5;Bernardo Andrés Quiroga González;MASCULINO;1994/1/17;ISAPRE;1231519
4.811.381-8;Victoria Blanca Rojas Díaz;FEMENINO;1993/4/26;ISAPRE;1780950
6.522.143-8;Pablo Pablo Ruiz Rojas;MASCULINO;1967/7/26;ISAPRE;804946
18.849.161-6;Vicente Francisco Saavedra Muñoz;MASCULINO;1975/4/12;FONASA;614762
16.538.020-6;María Victoria Rojas Rodríguez;FEMENINO;2000/9/30;FONASA;771584
18.440.979-5;Rodrigo Pedro Rodríguez Rodríguez;MASCULINO;1978/11/18;ISAPRE;1487923
14.273.468-3;Ramón Alejandro Ruiz Vergara;MASCULINO;1976/4/28;FONASA;1024960
11.379.871-1;Vicente Felipe Rodríguez Robles;MASCULINO;1967/7/9;FONASA;619669
8.558.591-2;Constanza Victoria Quiroga Vergara;FEMENINO;2000/2/18;FONASA;1946425
6.079.686-2;Alejandro Felipe Rodríguez Rodríguez;MASCULINO;1961/7/26;ISAPRE;1508472
9.421.295-1;Andrea Ignacia González Saavedra;FEMENINO;1984/2/15;FONASA;1972677
7.214.024-7;María Ignacia Castro Muñoz;FEMENINO;1961/11/2;FONASA;1003852
10.590.313-1;Paula Paula Rojas Rodríguez;FEMENINO;1990/3/6;FONASA;1998035
12.239.01-3;Pablo Andrés Vergara Valenzuela;MASCULINO;1981/6/4;FONASA;1313027
4.231.928-4;Javiera Daniela Robles Rodríguez;FEMENINO;1997/2/12;FONASA;1801675
19.855.023-1;Ignacia Constanza Quiroga López;FEMENINO;1973/4/19;FONASA;1400052
18.217.178-7;Javier Felipe Robles Díaz;MASCULINO;1988/7/6;ISAPRE;880822
4.533.749-4;Blanca Andrea Marín González;FEMENINO;1992/12/0;FONASA;496031
18.913.144-8;Vicente Javier Ruiz Rojas;MASCULINO;1979/12/19;ISAPRE;1432256
7.516.01-8;Pamela Daniela Valenzuela Rojas;FEMENINO;1990/3/8;FONASA;419245
4.658.223-8;Juan Juan Castro Rojas;MASCULINO;1998/10/4;FONASA;1920625
6.984.361-1;Valeria Isidora Quiroga Rojas;FEMENINO;1968/8/0;FONASA;788058
6.926.940-5;Daniela Blanca López Ruiz;FEMENINO;1975/1/0;FONASA;1318822
10.270.663-7;Gabriel Alejandro Castro González;MASCULINO;1998/8/3;FONASA;1010692
9.974.028-1;Victoria Daniela Vergara Ruiz;FEMENINO;1979/11/7;FONASA;1890733
6.272.032-2;Cecilia Constanza Muñoz Valenzuela;FEMENINO;1982/9/4;ISAPRE;1588169
21.652.928-7;Vicente Andrés Saavedra Rodríguez;MASCULINO;1967/6/3;FONASA;829380
11.294.575-0;Andrés Javier Castro Saavedra;MASCULINO;1987/9/9;FONASA;1713509
10.559.152-0;Vicente Ramón González Muñoz;MASCULINO;1967/8/19;FONASA;1573036
18.439.312-0;Ignacio Rodrigo Ruiz Castro;MASCULINO;1983/7/14;FONASA;1099799
17.395.624-9;Juan Bernardo Rodríguez Díaz;MASCULINO;1981/8/3;FONASA;667009
18.608.546-2;Gabriel Vicente Rodríguez Vergara;MASCULINO;1993/2/17;FONASA;767802
15.075.268-2;Daniela Pamela Castro Vergara;FEMENINO;1979/4/19;FONASA;117202
16.228.950-1;Gabriel Felipe López Quiroga;MASCULINO;1972/10/30;FONASA;1017018
7.043.338-8;Felipe Alejandro López Vergara;MASCULINO;1990/11/21;FONASA;1743045
14.258.184-2;Francisco Felipe Saavedra González;MASCULINO;1973/3/18;FONASA;1865715
4.896.473-3;María Isidora Muñoz Campos;FEMENINO;1995/7/11;ISAPRE;1082443
6.489.018-0;Andrés Ignacio Castro Campos;MASCULINO;1979/4/14;FONASA;1146809
8.800.741-3;Daniela Pamela Saavedra López;FEMENINO;1993/5/29;FONASA;733916
7.649.491-2;Isidora Isabel Muñoz Muñoz;FEMENINO;1980/3/18;FONASA;1525501
14.365.442-4;Pedro Alejandro Saavedra Díaz;MASCULINO;1968/6/8;FONASA;712124
14.948.549-6;Vicente Bernardo Rodríguez Valenzuela;MASCULINO;1960/5/0;FONASA;511286
6.415.057-3;Valeria Paula Muñoz González;FEMENINO;1984/2/8;FONASA;678641
19.734.634-7;Constanza Daniela Muñoz Marín;FEMENINO;1981/6/1;ISAPRE;586101
11.482.694-9;Vicente Vicente Quiroga Ruiz;MASCULINO;1970/11/3;FONASA;737732
5.727.671-0;Ignacio Rodrigo Rodríguez Rojas;MASCULINO;1980/5/26;FONASA;1435069
14.120.782-2;Ignacio Juan Rojas Castro;MASCULINO;1985/8/4;FONASA;329052
17.235.949-6;Andrea Blanca Ruiz Robles;FEMENINO;1966/4/19;FONASA;651085
4.392.513-0;María Isidora Saavedra Muñoz;FEMENINO;1982/7/0;ISAPRE;789101
6.618.578-3;Victoria Javiera Rodríguez Campos;FEMENINO;1989/2/3;FONASA;895802
11.412.698-5;Alejandro Alejandro Robles Vergara;MASCULINO;1975/5/23;FONASA;673259
9.704.855-5;Blanca Pamela Díaz Quiroga;FEMENINO;1987/12/4;FONASA;940539
18.715.857-7;Juan Juan González Vergara;MASCULINO;1967/4/13;FONASA;1492903
18.376.044-0;Javiera Daniela Vergara Marín;FEMENINO;1962/11/0;ISAPRE;1282022
8.446.251-0;Pablo Pedro Quiroga Valenzuela;MASCULINO;1970/5/17;ISAPRE;1047607
8.402.083-2;Daniela Constanza Marín Vergara;FEMENINO;1960/4/22;FONASA;1843548
4.198.520-3;Vicente Ignacio Vergara Rojas;MASCULINO;1970/12/20;ISAPRE;1298001
8.679.894-7;Victoria Blanca González Quiroga;FEMENINO;1961/12/23;FONASA;156198
15.875.623-7;Alejandro Ramón Robles Rodríguez;MASCULINO;1988/6/24;FONASA;181372
14.312.798-6;Andrés Francisco Saavedra Rodríguez;MASCULINO;1997/12/14;FONASA;1985958
9.176.468-8;Constanza Pamela Rojas López;FEMENINO;1980/7/3;FONASA;1520136
16.460.898-5;Pamela Andrea Castro Quiroga;FEMENINO;1991/1/10;FONASA;453771
9.222.197-8;Valeria Paula Robles González;FEMENINO;1979/7/11;ISAPRE;1922881
14.966.605-8;Constanza Daniela Díaz Saavedra;FEMENINO;1975/3/1;FONASA;1744236
4.980.407-8;Javier Vicente Vergara Rodríguez;MASCULINO;1982/2/9;FONASA;245243
11.465.01-2;María María González Ruiz;FEMENINO;1990/3/4;FONASA;350917
5.754.093-5;Paula Paula Rojas Rodríguez;FEMENINO;1987/12/6;FONASA;1687685
13.405.847-2;Bernardo Juan Ruiz Rojas;MASCULINO;1982/11/21;FONASA;460931
12.644.913-6;Vicente Felipe Campos Rojas;MASCULINO;1984/4/26;ISAPRE;1399002
7.582.423-1;Ignacia Paula Robles Díaz;FEMENINO;1969/5/0;FONASA;152054
12.512.487-1;María Valeria González Ruiz;FEMENINO;1968/6/8;ISAPRE;261759
6.679.289-5;Alejandro Rodrigo Rodríguez Robles;MASCULINO;1970/11/15;FONASA;1746873
8.516.279-2;Vicente Vicente Rodríguez Quiroga;MASCULINO;1974/10/13;FONASA;632965
15.909.248-5;Andrea Blanca Saavedra González;FEMENINO;1989/5/0;ISAPRE;1807830
20.426.281-0;Andrea Pamela Vergara Rojas;FEMENINO;1999/2/3;ISAPRE;1565767
11.018.513-5;Andrea Victoria Valenzuela Rodríguez;FEMENINO;1964/10/0;FONASA;1260095
10.715.227-0;Pamela Javiera Marín Rodríguez;FEMENINO;1979/1/4;FONASA;1013143
9.873.302-4;Rodrigo Pedro Vergara Saavedra;MASCULINO;1967/5/11;FONASA;898828
12.558.724-4;Isabel María Rojas Campos;FEMENINO;1997/3/16;FONASA;173636
17.168.934-7;Javier Rodrigo Saavedra Campos;MASCULINO;1962/11/0;ISAPRE;1130272
16.637.213-3;Vicente Bernardo Muñoz González;MASCULINO;1965/6/8;FONASA;328415
8.065.909-9;Pablo Ramón López Valenzuela;MASCULINO;1996/12/29;FONASA;1530664
10.344.227-8;Isabel Isabel Rodríguez López;FEMENINO;1965/1/19;FONASA;1869070
13.105.187-5;Javier Andrés Vergara Saavedra;MASCULINO;1964/6/9;FONASA;1602390
16.620.998-6;Ignacio Pablo Valenzuela Rojas;MASCULINO;1977/12/1;FONASA;1688132
13.151.852-7;Daniela Constanza Quiroga Muñoz;FEMENINO;1979/1/0;FONASA;1285794
11.540.128-3;Rodrigo Vicente Ruiz Muñoz;MASCULINO;1962/7/11;ISAPRE;1855830
16.465.201-6;Ignacia Pamela Robles Rodríguez;FEMENINO;1987/8/6;ISAPRE;1836660
7.922.738-0;Pamela Cecilia Rodríguez Campos;FEMENINO;1971/11/27;FONASA;1609682
11.801.522-3;Bernardo Francisco Robles Castro;MASCULINO;1983/1/2;ISAPRE;1383192
11.080.492-8;Javier Pablo Castro Díaz;MASCULINO;1964/9/0;FONASA;327110
9.022.257-2;Vicente Gabriel Vergara González;MASCULINO;1974/1/0;FONASA;1977421
13.996.722-3;Alejandro Bernardo Robles Valenzuela;MASCULINO;1969/4/10;FONASA;1483000
15.442.859-4;Constanza Ignacia Valenzuela Vergara;FEMENINO;1996/7/26;FONASA;1779760
20.149.810-6;Rodrigo Alejandro Díaz Rodríguez;MASCULINO;1982/11/20;FONASA;1979547
4.933.422-3;Bernardo Pablo Rodríguez Quiroga;MASCULINO;1967/2/19;FONASA;874557
11.09.291-3;Valeria Valeria Quiroga Castro;FEMENINO;1987/10/20;ISAPRE;544255
18.390.821-1;Pedro Pedro Campos Díaz;MASCULINO;1990/9/27;FONASA;1872114
10.044.456-4;Ignacia Javiera López Robles;FEMENINO;2000/11/23;FONASA;376428
20.328.213-7;Javier Ramón López Vergara;MASCULINO;1992/11/10;FONASA;557193
10.620.998-9;Andrés Francisco Saavedra Quiroga;MASCULINO;1991/6/4;ISAPRE;292720
19.057.714-9;Bernardo Pablo Campos Rodríguez;MASCULINO;1967/1/1;FONASA;1808267
7.403.217-8;Ramón Pedro Campos López;MASCULINO;1980/3/19;FONASA;569175
16.957.714-7;Pedro Felipe Muñoz Valenzuela;MASCULINO;1981/4/21;FONASA;1443187
8.474.697-9;Ignacio Bernardo Campos Rodríguez;MASCULINO;1965/5/17;FONASA;1872626
8.114.903-8;Ramón Gabriel Saavedra Vergara;MASCULINO;1987/3/14;FONASA;1121524
18.882.382-9;Ignacia Isidora Saavedra Campos;FEMENINO;1986/8/10;ISAPRE;990279
18.124.934-0;Paula Andrea Rodríguez López;FEMENINO;1995/12/1;ISAPRE;1525893
13.285.086-9;Ignacia María Ruiz Ruiz;FEMENINO;1971/6/22;ISAPRE;1684305
15.873.942-3;Ignacio Pedro Rodríguez González;MASCULINO;1988/4/7;ISAPRE;1006777
21.438.104-3;Francisco Ramón Rodríguez Castro;MASCULINO;1989/9/14;ISAPRE;1352209
11.710.709-8;Javier Pedro Valenzuela Rojas;MASCULINO;1997/11/24;FONASA;1604360
12.406.060-9;Javiera María Vergara Rojas;FEMENINO;1986/9/13;FONASA;672130
11.274.094-6;Pedro Ramón Rojas Valenzuela;MASCULINO;1993/7/13;FONASA;1763006
17.672.263-5;Ignacia Daniela Castro Ruiz;FEMENINO;1965/4/4;FONASA;397919
5.169.826-6;Andrés Ignacio Castro Robles;MASCULINO;1990/2/10;ISAPRE;452181
4.181.427-9;María Javiera Robles López;FEMENINO;1983/11/7;ISAPRE;1332851
17.540.722-0;Paula Javiera Castro Muñoz;FEMENINO;1991/4/28;ISAPRE;622787
14.625.119-2;Javier Juan Muñoz Rojas;MASCULINO;1989/12/26;FONASA;199924
7.041.200-6;Javier Ignacio Valenzuela Quiroga;MASCULINO;1979/12/9;FONASA;445092
18.525.428-9;Daniela Paula Díaz Rodríguez;FEMENINO;1979/2/1;FONASA;118567
6.523.668-5;Alejandro Gabriel Marín Rojas;MASCULINO;1993/6/26;FONASA;1808998
4.590.174-3;Bernardo Andrés López Robles;MASCULINO;1962/2/11;ISAPRE;1910723
16.583.442-4;Juan Juan Díaz López;MASCULINO;1996/6/5;ISAPRE;1962133
16.100.855-8;María Pamela Rodríguez Valenzuela;FEMENINO;1986/7/29;FONASA;1848462
8.241.767-5;Alejandro Rodrigo Marín Quiroga;MASCULINO;1977/11/8;FONASA;456199
11.563.643-4;Javiera Paula Vergara Muñoz;FEMENINO;1985/10/20;FONASA;1333862
21.025.429-7;Isabel Daniela Muñoz Valenzuela;FEMENINO;1987/3/1;ISAPRE;1867074
13.218.589-4;Ramón Javier López Ruiz;MASCULINO;1979/12/17;ISAPRE;370163
21.427.013-0;Javier Pablo Rodríguez Díaz;MASCULINO;1964/2/26;ISAPRE;1264893
6.547.911-7;Victoria Daniela López Rojas;FEMENINO;1995/10/26;FONASA;1239940
10.819.498-4;Constanza María Robles López;FEMENINO;1977/4/7;FONASA;309554
15.242.497-3;Alejandro Pedro Quiroga Valenzuela;MASCULINO;1994/7/13;ISAPRE;1727309
17.968.876-9;Paula Constanza Campos Ruiz;FEMENINO;1996/3/13;FONASA;1138287
15.414.868-6;Gabriel Felipe Rojas Castro;MASCULINO;1967/8/10;FONASA;1485080
17.746.900-5;Valeria Blanca González Quiroga;FEMENINO;1967/4/12;ISAPRE;709259
18.658.244-9;Valeria Pamela Vergara Vergara;FEMENINO;1960/10/22;FONASA;277809
21.270.301-0;María Valeria Saavedra Díaz;FEMENINO;1962/8/21;FONASA;972783
18.539.682-5;Andrés Ramón Rojas González;MASCULINO;1975/7/23;FONASA;1275450
9.806.589-0;Paula Pamela Vergara Rodríguez;FEMENINO;1981/6/5;FONASA;1579927
11.317.311-9;Victoria Cecilia González González;FEMENINO;1981/3/13;FONASA;1920169
16.219.533-2;Pedro Rodrigo Muñoz Rodríguez;MASCULINO;1970/7/21;FONASA;753010
12.590.705-9;Alejandro Alejandro Ruiz Saavedra;MASCULINO;1969/7/4;ISAPRE;146668
16.514.564-3;Cecilia Blanca González Ruiz;FEMENINO;1964/8/8;FONASA;1111817
20.765.460-3;Alejandro Vicente Rodríguez Campos;MASCULINO;1987/10/5;FONASA;947565
11.712.567-4;Pamela Victoria Muñoz González;FEMENINO;1980/2/20;ISAPRE;1937186
13.721.389-7;Vicente Gabriel Saavedra Castro;MASCULINO;1979/10/18;FONASA;1860825
5.873.216-0;Blanca Daniela Díaz Marín;FEMENINO;1989/6/2;ISAPRE;430235
21.528.885-6;Ignacia Victoria Díaz Vergara;FEMENINO;1964/4/6;ISAPRE;413398
13.520.787-3;Felipe Ramón Valenzuela Ruiz;MASCULINO;1997/9/18;FONASA;1725370
12.996.351-2;Bernardo Felipe Rodríguez Rojas;MASCULINO;1997/3/22;FONASA;337534
13.641.305-7;Andrés Pedro Saavedra Robles;MASCULINO;1974/5/9;FONASA;1971985
21.267.566-5;Gabriel Vicente Vergara Rojas;MASCULINO;1976/9/12;ISAPRE;841117
9.941.593-6;Juan Vicente Díaz Saavedra;MASCULINO;1967/7/1;FONASA;321288
12.067.241-1;Francisco Juan Díaz Ruiz;MASCULINO;1968/10/30;FONASA;1993407
6.881.997-5;Vicente Juan López López;MASCULINO;1980/7/6;ISAPRE;778592
6.857.628-7;Javiera Javiera Valenzuela Rojas;FEMENINO;1971/7/4;FONASA;434359
8.692.248-2;Javiera Pamela Rojas Robles;FEMENINO;1983/7/30;ISAPRE;439248
11.336.204-6;Gabriel Javier González Castro;MASCULINO;1994/2/0;FONASA;106179
13.989.489-8;Rodrigo Javier Vergara González;MASCULINO;1997/4/9;FONASA;1603972
5.911.04-3;Pamela Constanza Saavedra Rodríguez;FEMENINO;1993/1/11;ISAPRE;1264418
17.620.532-7;Constanza María Campos Vergara;FEMENINO;1972/10/16;ISAPRE;498563
4.142.453-0;Rodrigo Pablo Vergara Rojas;MASCULINO;1965/4/21;FONASA;442827
21.199.826-0;Vicente Vicente Muñoz Rodríguez;MASCULINO;1974/11/20;FONASA;1242101
21.132.180-2;Constanza María Castro Muñoz;FEMENINO;1994/2/27;ISAPRE;1877521
4.934.328-8;Francisco Javier Quiroga Díaz;MASCULINO;1964/12/13;ISAPRE;1906054
8.756.054-6;Ramón Rodrigo Campos Saavedra;MASCULINO;1973/3/20;FONASA;653823
21.953.260-0;Constanza Cecilia Quiroga Vergara;FEMENINO;1967/8/0;FONASA;1039147
13.197.497-7;Ignacia Daniela Vergara Vergara;FEMENINO;1980/7/6;FONASA;1677341
16.754.458-0;Paula Daniela Robles Campos;FEMENINO;1960/5/29;FONASA;500799
16.671.804-5;Gabriel Alejandro González Rodríguez;MASCULINO;1978/2/2;FONASA;1352633
19.353.959-4;Constanza Paula Muñoz Quiroga;FEMENINO;1979/5/0;FONASA;1480722
10.193.151-7;Rodrigo Felipe Castro Díaz;MASCULINO;1991/9/6;FONASA;341855
7.637.560-1;Daniela Andrea Quiroga Saavedra;FEMENINO;1963/5/17;FONASA;497368
6.519.240-6;Isabel Isidora Ruiz López;FEMENINO;1982/8/28;FONASA;1807168
18.710.234-9;Pedro Rodrigo Campos Saavedra;MASCULINO;1973/10/18;ISAPRE;467383
10.633.402-8;Cecilia Isidora López Muñoz;FEMENINO;1983/6/12;FONASA;445837
11.255.583-6;Vicente Andrés Valenzuela Castro;MASCULINO;1993/1/27;ISAPRE;600906
14.131.00-0;Francisco Francisco Marín Vergara;MASCULINO;1998/4/29;FONASA;149588
18.372.451-3;Rodrigo Felipe Marín Díaz;MASCULINO;1974/4/9;FONASA;1826896
13.820.192-2;Francisco Alejandro Rodríguez Campos;MASCULINO;1974/12/2;FONASA;1312379
9.189.156-8;Andrés Alejandro Saavedra Quiroga;MASCULINO;1991/7/1;FONASA;1088053
7.190.742-2;Pedro Andrés Robles González;MASCULINO;1998/3/16;FONASA;1280823
5.338.116-0;Blanca Pamela López Campos;FEMENINO;1995/5/15;FONASA;795670
5.642.060-9;Isidora María González Castro;FEMENINO;1970/12/13;FONASA;1025918
4.057.639-2;Bernardo Gabriel Ruiz Rodríguez;MASCULINO;2000/8/20;FONASA;1144427
17.350.697-0;Felipe Rodrigo González Vergara;MASCULINO;1972/10/5;FONASA;1075350
11.965.937-0;Rodrigo Vicente Robles González;MASCULINO;1970/7/10;FONASA;907779
12.404.608-2;Pablo Javier González Rojas;MASCULINO;1979/10/3;ISAPRE;386256
15.104.867-6;Vicente Rodrigo Muñoz Castro;MASCULINO;1987/3/26;ISAPRE;1382949
8.053.951-2;Isabel Valeria Vergara Marín;FEMENINO;1979/1/2;ISAPRE;641936
14.790.965-7;Ignacio Bernardo Castro Campos;MASCULINO;1960/11/25;FONASA;198221
18.699.406-1;Vicente Andrés Muñoz Vergara;MASCULINO;1973/11/6;ISAPRE;1333663
7.562.611-0;Felipe Bernardo Vergara Quiroga;MASCULINO;1968/12/27;ISAPRE;1716070
7.350.253-4;Pablo Rodrigo Robles Rodríguez;MASCULINO;1962/3/16;FONASA;365140
16.00.538-1;María Isidora Castro Ruiz;FEMENINO;1965/9/13;ISAPRE;1586363
15.765.194-5;Pedro Andrés Díaz Rojas;MASCULINO;1971/4/14;ISAPRE;405065
10.787.259-3;Isabel Ignacia López Valenzuela;FEMENINO;1964/2/21;ISAPRE;137691
10.676.212-9;Daniela Victoria Valenzuela Díaz;FEMENINO;1990/4/6;FONASA;1745443
21.267.886-4;Constanza Valeria Rodríguez Rojas;FEMENINO;1985/2/18;ISAPRE;1574845
9.320.800-9;Bernardo Juan Valenzuela Rojas;MASCULINO;1976/4/23;FONASA;1179821
7.136.027-6;Vicente Vicente Campos Marín;MASCULINO;1967/9/11;FONASA;1684398
18.464.859-4;Ignacia Pamela Castro Rodríguez;FEMENINO;1971/10/24;FONASA;619234
21.933.655-6;Javiera Pamela Díaz Castro;FEMENINO;1987/10/4;FONASA;802723
19.041.855-7;Isabel Ignacia González Ruiz;FEMENINO;1986/12/19;FONASA;821492
14.277.194-1;Andrea Isidora Rodríguez Marín;FEMENINO;1990/4/20;ISAPRE;996311
21.866.347-3;Andrés Juan Marín González;MASCULINO;1973/8/24;FONASA;445890
14.790.302-5;Pablo Gabriel Quiroga López;MASCULINO;1986/6/1;FONASA;1109572
11.850.985-3;Constanza Daniela Ruiz Rojas;FEMENINO;1963/1/30;FONASA;1500134
6.735.376-6;Juan Ramón Rodríguez Marín;MASCULINO;1960/11/24;FONASA;224018
17.738.994-1;Ignacia Ignacia Ruiz González;FEMENINO;1986/3/27;ISAPRE;1117126
10.384.311-6;Felipe Francisco Muñoz Saavedra;MASCULINO;1990/7/12;FONASA;769731
6.452.199-7;Isabel Constanza Campos Vergara;FEMENINO;1994/8/30;FONASA;1274897
19.720.286-0;Andrea Valeria Castro Rodríguez;FEMENINO;1978/7/29;ISAPRE;1675001
4.499.673-9;Javier Ignacio Quiroga Rojas;MASCULINO;1966/11/13;FONASA;435859
6.885.334-5;Isabel Valeria Rodríguez López;FEMENINO;1972/11/0;ISAPRE;302038
4.627.835-3;Isabel Javiera Muñoz Saavedra;FEMENINO;1993/11/22;FONASA;1013836
18.765.285-7;Francisco Pablo Saavedra Robles;MASCULINO;1985/12/16;FONASA;523732
21.739.685-1;Pedro Andrés Marín Díaz;MASCULINO;1974/12/6;FONASA;1503620
19.421.109-7;Constanza Blanca Quiroga Vergara;FEMENINO;1962/10/11;FONASA;859065
15.992.127-2;Constanza Isidora González Muñoz;FEMENINO;1993/3/5;FONASA;549889
18.581.812-3;Valeria Cecilia González Díaz;FEMENINO;1971/5/21;FONASA;1899932
6.991.090-8;Pamela Isidora Marín Saavedra;FEMENINO;1980/11/27;ISAPRE;1004159
8.887.398-0;Isabel María Díaz Rodríguez;FEMENINO;1976/3/4;ISAPRE;1111109
7.03.147-9;Gabriel Andrés Rojas Saavedra;MASCULINO;1981/9/23;FONASA;1951383
8.223.629-8;Pedro Pablo Castro Rodríguez;MASCULINO;1980/9/24;FONASA;1239923
17.684.02-4;María Victoria Campos Campos;FEMENINO;1999/10/23;ISAPRE;522701
21.063.463-6;Isabel Victoria Muñoz Saavedra;FEMENINO;1963/12/24;FONASA;1611917
8.586.053-3;Pablo Ramón Valenzuela Valenzuela;MASCULINO;1963/3/6;FONASA;1209360
10.883.745-7;Cecilia Ignacia Quiroga López;FEMENINO;1969/2/14;ISAPRE;1024053
12.584.114-9;Daniela Blanca Rojas Valenzuela;FEMENINO;1960/9/14;FONASA;794560
19.500.328-3;Gabriel Bernardo Castro Robles;MASCULINO;1975/5/4;ISAPRE;1046691
14.010.087-0;Andrés Juan Rodríguez Ruiz;MASCULINO;1995/7/16;FONASA;453605
17.331.522-4;Felipe Gabriel Marín Saavedra;MASCULINO;1961/5/13;FONASA;309950
21.854.429-4;Cecilia María Marín Saavedra;FEMENINO;1989/7/20;FONASA;1357733
20.130.086-2;Paula Blanca González Robles;FEMENINO;1976/6/19;FONASA;374256
10.859.660-3;Alejandro Juan Vergara Quiroga;MASCULINO;1975/9/14;FONASA;1925471
8.778.149-8;Pedro Felipe Rodríguez Rodríguez;MASCULINO;1969/11/30;FONASA;907020
4.584.391-3;Pamela Andrea Rodríguez Quiroga;FEMENINO;1987/3/14;ISAPRE;1694471
15.601.107-5;Constanza Daniela Muñoz Marín;FEMENINO;1999/9/0;FONASA;1575926
18.565.661-0;Gabriel Francisco López Campos;MASCULINO;1962/11/6;ISAPRE;983545
10.798.490-8;Constanza Javiera Muñoz Rodríguez;FEMENINO;1997/9/2;FONASA;1021601
15.652.152-3;Felipe Alejandro Ruiz Marín;MASCULINO;2000/11/27;FONASA;366459
17.601.732-8;Pamela Daniela Marín Vergara;FEMENINO;1973/7/6;ISAPRE;1268581
5.122.717-2;Francisco Alejandro Rojas Castro;MASCULINO;1986/5/25;ISAPRE;1463614
7.776.411-8;Vicente Rodrigo Saavedra Marín;MASCULINO;1990/7/17;ISAPRE;1404121
21.016.355-7;Javiera Andrea Díaz Ruiz;FEMENINO;1978/9/17;FONASA;466961
7.054.07-8;Pablo Rodrigo Marín Rodríguez;MASCULINO;1976/6/0;ISAPRE;911459
7.552.495-0;Andrea Isidora Díaz Vergara;FEMENINO;1968/4/25;FONASA;319499
8.258.073-8;Bernardo Felipe Marín Saavedra;MASCULINO;1999/5/1;FONASA;1920375
18.884.581-0;Javier Rodrigo González Ruiz;MASCULINO;1969/11/13;ISAPRE;1710369
11.266.971-9;Pamela Isabel González Quiroga;FEMENINO;1974/12/20;FONASA;334346
5.846.676-2;Ignacia Pamela González López;FEMENINO;1977/10/1;ISAPRE;710155
14.713.279-7;Paula Cecilia Rodríguez Díaz;FEMENINO;1971/11/30;FONASA;1901288
5.466.613-7;Paula Ignacia López Valenzuela;FEMENINO;1985/8/0;FONASA;678054
7.770.236-8;Bernardo Pablo Rojas Ruiz;MASCULINO;1970/1/13;FONASA;129250
10.843.065-9;Pedro Ignacio Campos Rodríguez;MASCULINO;1981/8/28;ISAPRE;970364
16.635.928-4;Constanza Victoria Quiroga Díaz;FEMENINO;1967/2/4;FONASA;1165542
7.326.623-2;Paula Pamela Rojas Muñoz;FEMENINO;1993/8/6;FONASA;1852907
5.896.933-0;Javier Vicente Rojas Muñoz;MASCULINO;1989/2/4;FONASA;395619
14.449.051-7;Andrea Paula Robles Quiroga;FEMENINO;1964/1/2;FONASA;479824
18.084.777-7;Pedro Ramón Rojas Quiroga;MASCULINO;1968/8/25;FONASA;1270516
8.571.441-8;Rodrigo Juan Díaz Vergara;MASCULINO;1963/5/5;FONASA;1213817
20.440.539-2;Vicente Alejandro Vergara Valenzuela;MASCULINO;1983/4/9;ISAPRE;1740173
19.453.283-8;Pamela Paula Valenzuela Díaz;FEMENINO;1987/2/22;FONASA;1818413
11.165.984-1;Pamela Constanza Rodríguez Marín;FEMENINO;1982/6/25;ISAPRE;522147
13.794.574-5;Gabriel Andrés Quiroga Marín;MASCULINO;1967/6/6;FONASA;907828
10.055.463-7;Daniela Pamela Campos Robles;FEMENINO;1968/7/12;ISAPRE;1834198
13.619.655-0;Isidora Isidora Vergara Robles;FEMENINO;1981/1/1;ISAPRE;149568
17.536.083-3;Javiera Blanca Campos Rodríguez;FEMENINO;1974/2/27;FONASA;1768009
16.822.154-1;Andrés Ramón López Saavedra;MASCULINO;1990/7/17;ISAPRE;264088
5.862.330-5;Isidora Andrea Valenzuela Saavedra;FEMENINO;1976/4/7;FONASA;1949036
12.568.750-3;Ramón Andrés González Muñoz;MASCULINO;1977/7/24;FONASA;1646165
18.778.744-7;Javier Alejandro Rojas Robles;MASCULINO;1982/3/8;FONASA;158801
7.993.245-9;Daniela María González Díaz;FEMENINO;1971/3/9;FONASA;1275377
6.423.714-2;Cecilia María Díaz Rojas;FEMENINO;1982/5/8;ISAPRE;1040469
14.534.01-7;Francisco Juan López Rodríguez;MASCULINO;1996/5/17;FONASA;1766120
10.950.729-1;Javiera Valeria Campos Robles;FEMENINO;1993/6/17;FONASA;398305
4.258.796-2;Blanca Andrea López Saavedra;FEMENINO;1981/10/27;ISAPRE;1846447
21.425.648-2;Rodrigo Rodrigo Valenzuela Díaz;MASCULINO;1997/10/26;ISAPRE;239530
20.454.958-8;Pamela Blanca Muñoz González;FEMENINO;1985/7/14;ISAPRE;1404788
11.293.711-3;Andrea Cecilia Valenzuela Campos;FEMENINO;1986/6/8;FONASA;1234978
19.422.637-0;Daniela Paula Díaz Vergara;FEMENINO;1980/8/28;ISAPRE;1812861
5.482.973-5;Alejandro Pedro Vergara Robles;MASCULINO;1968/4/13;ISAPRE;1986104
11.671.786-1;Cecilia Valeria Vergara González;FEMENINO;1994/1/25;ISAPRE;253392
8.179.910-3;Ramón Javier Rodríguez Robles;MASCULINO;1981/9/6;FONASA;633325
11.100.735-7;Pedro Rodrigo Díaz Rodríguez;MASCULINO;1999/5/10;FONASA;1854688
9.061.673-8;Gabriel Juan Marín Rodríguez;MASCULINO;1974/4/20;FONASA;1770997
17.480.376-8;Felipe Ramón Valenzuela Robles;MASCULINO;1968/5/14;FONASA;220070
8.763.976-6;Pablo Vicente Vergara Marín;MASCULINO;1990/9/21;ISAPRE;524345
17.056.597-0;Francisco Ignacio López Ruiz;MASCULINO;1970/4/17;FONASA;790411
10.055.929-2;Constanza Blanca Vergara Rodríguez;FEMENINO;1983/8/8;ISAPRE;1072033
6.750.814-1;Valeria Valeria Castro Castro;FEMENINO;1978/9/4;FONASA;317452
12.837.517-7;Pablo Ignacio Campos González;MASCULINO;1976/3/13;FONASA;1832210
9.448.715-8;Isabel María Saavedra Saavedra;FEMENINO;1975/4/30;ISAPRE;506063
20.857.845-1;Victoria Ignacia Muñoz Marín;FEMENINO;1993/4/9;FONASA;488092
19.582.597-7;Francisco Andrés Muñoz Vergara;MASCULINO;1969/6/30;FONASA;1952491
16.155.602-8;Vicente Ramón Robles Muñoz;MASCULINO;1999/6/2;FONASA;759974
7.643.572-5;Andrés Francisco Saavedra Campos;MASCULINO;1966/2/14;FONASA;1895077
13.322.497-7;Javiera Valeria Díaz Valenzuela;FEMENINO;1968/1/11;FONASA;871488
20.474.679-9;Javier Javier Castro Quiroga;MASCULINO;1992/12/1;ISAPRE;1844105
20.050.493-1;Daniela Valeria Castro Vergara;FEMENINO;1991/2/0;FONASA;1529175
18.361.475-5;Constanza Pamela Rojas Quiroga;FEMENINO;1975/10/19;ISAPRE;1099773
11.379.721-6;Gabriel Felipe Ruiz López;MASCULINO;1983/1/27;FONASA;1598902
20.639.486-9;Blanca Andrea Ruiz Rojas;FEMENINO;1963/8/11;ISAPRE;1137996
15.801.876-7;Andrea Paula Saavedra Saavedra;FEMENINO;1985/6/16;ISAPRE;407855
8.184.172-7;Pablo Andrés Muñoz Marín;MASCULINO;1999/4/25;ISAPRE;466142
13.748.652-2;Pablo Francisco Díaz Valenzuela;MASCULINO;1985/3/27;FONASA;1457349
5.156.684-2;Blanca Isabel Vergara Vergara;FEMENINO;1975/2/1;ISAPRE;1508240
7.137.768-7;Ignacia Constanza Marín Rodríguez;FEMENINO;1993/12/27;ISAPRE;1478660
5.452.331-5;Bernardo Pedro Robles Robles;MASCULINO;1990/3/10;ISAPRE;1214138
5.201.660-0;Paula Victoria Castro Rodríguez;FEMENINO;1972/1/8;FONASA;1679967
12.088.877-9;Valeria María Marín Rodríguez;FEMENINO;1975/7/26;ISAPRE;732642
5.955.146-8;Ignacia Isabel Vergara Rodríguez;FEMENINO;1982/3/6;ISAPRE;1888632
21.374.279-3;Pedro Juan Rojas Saavedra;MASCULINO;1994/7/17;FONASA;966326
9.078.453-2;Constanza Javiera Rojas Rodríguez;FEMENINO;1967/12/10;FONASA;418796
15.117.352-6;Pablo Felipe Robles Marín;MASCULINO;1979/4/2;ISAPRE;1283584
13.526.370-0;Blanca Victoria González Saavedra;FEMENINO;1979/4/29;ISAPRE;1650950
5.635.782-1;Javier Francisco González Rojas;MASCULINO;1999/7/30;FONASA;325504
5.118.948-5;Pamela Pamela Rodríguez Ruiz;FEMENINO;1995/1/9;FONASA;1171018
8.105.936-8;Rodrigo Rodrigo Díaz Vergara;MASCULINO;1990/9/17;ISAPRE;1764069
9.463.720-4;Victoria Constanza Vergara Valenzuela;FEMENINO;1968/7/14;ISAPRE;873492
12.640.304-1;Cecilia Ignacia González López;FEMENINO;1971/5/13;FONASA;909495
11.803.466-3;Vicente Ignacio Campos Vergara;MASCULINO;1999/12/4;FONASA;476732
12.887.540-5;Pablo Vicente Rojas Ruiz;MASCULINO;1982/7/8;FONASA;749524
4.790.596-1;Javier Javier Saavedra Robles;MASCULINO;1969/12/7;FONASA;1461567
17.852.763-5;María Isidora Rodríguez López;FEMENINO;1993/5/5;FONASA;428541
18.283.212-0;Javiera Ignacia Castro González;FEMENINO;1976/12/21;FONASA;1039659
21.560.059-2;Javiera Cecilia Quiroga Marín;FEMENINO;1990/8/13;ISAPRE;349952
19.341.320-2;Pedro Pablo Vergara Rojas;MASCULINO;1990/9/1;FONASA;1149575
16.680.522-5;Bernardo Andrés Muñoz Quiroga;MASCULINO;1993/10/19;FONASA;989321
19.316.893-2;Blanca Isidora Campos Rojas;FEMENINO;1995/7/16;ISAPRE;1620527
21.044.790-7;Valeria Blanca López González;FEMENINO;1962/9/15;FONASA;1598726
11.713.873-1;Cecilia Javiera Rojas Quiroga;FEMENINO;1962/3/4;FONASA;1918823
11.744.490-6;Daniela Cecilia Castro Rodríguez;FEMENINO;1975/12/13;ISAPRE;1931009
16.363.999-2;Vicente Pablo López Marín;MASCULINO;1961/1/30;FONASA;1042393
16.105.951-9;Gabriel Felipe Muñoz Rodríguez;MASCULINO;1976/11/4;FONASA;911015
16.379.820-6;Constanza Isidora Ruiz Marín;FEMENINO;1991/5/5;ISAPRE;1807069
10.173.644-5;Pamela María Castro Rodríguez;FEMENINO;1984/2/1;FONASA;182579
8.512.732-8;Valeria Victoria Muñoz Rojas;FEMENINO;1964/3/26;FONASA;1719580
6.168.108-4;Isidora Paula Valenzuela Muñoz;FEMENINO;1983/7/25;FONASA;787932
14.206.768-4;Vicente Alejandro López Robles;MASCULINO;2000/3/21;FONASA;306094
17.396.864-3;Pamela Ignacia Robles Rodríguez;FEMENINO;1962/1/3;ISAPRE;215005
15.476.343-2;Cecilia Andrea Díaz Rodríguez;FEMENINO;1975/12/4;FONASA;983952
12.869.284-3;Francisco Juan Castro Quiroga;MASCULINO;1999/5/24;FONASA;253860
17.389.781-6;Vicente Ignacio Quiroga Campos;MASCULINO;1992/8/26;FONASA;1212166
12.487.446-3;Pablo Alejandro Vergara Díaz;MASCULINO;1996/1/28;ISAPRE;573956
16.439.448-7;Gabriel Vicente Campos Saavedra;MASCULINO;1986/11/4;FONASA;1747954
12.862.360-2;Valeria Isabel Rodríguez González;FEMENINO;1963/3/15;FONASA;584238
8.863.263-4;Andrés Bernardo Rojas Castro;MASCULINO;1978/4/1;FONASA;1105588
11.107.654-3;Ignacia Daniela Rodríguez Marín;FEMENINO;1992/3/21;ISAPRE;1804215
4.480.579-4;Felipe Juan Rodríguez Valenzuela;MASCULINO;1989/9/17;FONASA;1762842
16.736.238-7;Alejandro Gabriel Vergara Marín;MASCULINO;1965/11/15;FONASA;1564124
21.449.526-4;Pablo Vicente Díaz Saavedra;MASCULINO;1965/8/7;ISAPRE;1592227
21.737.695-4;Pamela Andrea Rodríguez Quiroga;FEMENINO;1966/7/30;ISAPRE;1659100
18.211.483-1;Juan Bernardo López Rodríguez;MASCULINO;1984/1/5;FONASA;1912104
19.653.158-7;Ignacio Ramón Quiroga Castro;MASCULINO;1993/2/15;FONASA;1676279
9.881.074-1;Isidora Paula Rodríguez Saavedra;FEMENINO;1970/8/14;FONASA;981030
4.509.100-2;Valeria Pamela Muñoz Robles;FEMENINO;1975/1/1;ISAPRE;227739
5.673.839-2;Alejandro Bernardo Muñoz Robles;MASCULINO;1990/10/14;FONASA;1311109
16.319.194-7;Bernardo Francisco Díaz Vergara;MASCULINO;1970/11/20;ISAPRE;1320465
14.846.172-2;Ignacio Rodrigo Ruiz López;MASCULINO;1991/3/15;FONASA;383971
7.212.657-6;Valeria Valeria Díaz López;FEMENINO;1993/9/8;FONASA;144255
4.947.525-7;María Javiera Muñoz Campos;FEMENINO;1995/10/4;FONASA;564229
16.974.127-6;Gabriel Pedro Quiroga Rodríguez;MASCULINO;1969/7/19;FONASA;179614
17.349.270-1;Paula Isabel Marín López;FEMENINO;1996/10/3;FONASA;1715052
6.576.119-4;Vicente Andrés Campos Vergara;MASCULINO;1987/6/7;FONASA;666492
12.052.674-8;Juan Andrés López Valenzuela;MASCULINO;1987/12/18;FONASA;219409
20.562.330-1;Javier Bernardo Rodríguez Díaz;MASCULINO;1988/10/12;FONASA;126734
4.689.398-1;Victoria Andrea Díaz Muñoz;FEMENINO;2000/5/2;ISAPRE;525597
11.713.180-5;Gabriel Ramón Rodríguez Ruiz;MASCULINO;1998/12/21;ISAPRE;1748991
12.052.644-0;Javiera Cecilia Castro Valenzuela;FEMENINO;1978/6/7;FONASA;1427443
6.976.614-7;Francisco Andrés Ruiz Ruiz;MASCULINO;1993/7/9;FONASA;1887907
8.184.810-9;Francisco Francisco Saavedra Marín;MASCULINO;1975/6/16;FONASA;1364261
4.938.981-8;Isabel Valeria Campos Castro;FEMENINO;1982/8/6;FONASA;383424
8.712.202-8;Juan Francisco Rodríguez Campos;MASCULINO;1962/12/27;FONASA;560724
18.899.312-8;Andrés Gabriel Muñoz Saavedra;MASCULINO;1984/6/0;FONASA;1221992
16.472.374-4;Francisco Ignacio Rojas Saavedra;MASCULINO;1969/9/1;FONASA;1031981
18.914.625-2;Cecilia Javiera Marín López;FEMENINO;2000/1/8;ISAPRE;1849826
14.038.370-6;Andrea Valeria Quiroga González;FEMENINO;1989/9/15;FONASA;848059
10.711.467-4;Pamela Pamela Robles Campos;FEMENINO;1988/2/13;FONASA;1060941
21.553.711-7;Ramón Pedro Robles Vergara;MASCULINO;2000/5/4;FONASA;863602
14.023.441-8;Bernardo Andrés López Rodríguez;MASCULINO;1978/8/9;FONASA;1242844
18.528.624-8;Blanca Blanca Castro Vergara;FEMENINO;1999/7/9;FONASA;1452514
7.398.839-5;Rodrigo Ignacio Ruiz Vergara;MASCULINO;1996/2/3;FONASA;714298
20.063.243-9;Andrés Ramón Rojas Rodríguez;MASCULINO;1994/3/24;FONASA;1806200
13.223.440-4;Isabel Isabel Quiroga Quiroga;FEMENINO;1960/3/8;ISAPRE;1085364
13.541.407-6;Andrea Valeria Muñoz González;FEMENINO;1965/4/19;ISAPRE;474466
17.672.539-9;Daniela Victoria Rodríguez Marín;FEMENINO;1995/2/27;FONASA;1995614
16.714.629-0;Ignacia Isidora Rodríguez Valenzuela;FEMENINO;1991/11/24;ISAPRE;1675350
21.777.326-3;Ignacio Francisco Muñoz Marín;MASCULINO;1995/4/5;FONASA;434101
13.522.881-1;Blanca Daniela Castro Rodríguez;FEMENINO;1978/10/22;ISAPRE;1833392
5.494.189-9;Francisco Bernardo Rojas Saavedra;MASCULINO;1972/3/22;FONASA;1360866
13.013.01-2;Bernardo Bernardo Saavedra López;MASCULINO;1996/5/29;FONASA;1063553
11.545.996-7;Paula Javiera Campos Muñoz;FEMENINO;1967/5/7;FONASA;1181250
15.203.771-4;Pablo Francisco Quiroga López;MASCULINO;1979/6/28;ISAPRE;1919728
16.091.944-2;Felipe Andrés Saavedra Castro;MASCULINO;1971/8/16;ISAPRE;1277826
10.886.088-1;Andrea Valeria Rojas Valenzuela;FEMENINO;1978/7/11;FONASA;678348
6.388.024-5;Paula Ignacia Valenzuela López;FEMENINO;1994/10/0;FONASA;1699999
9.967.407-1;Vicente Ramón Quiroga Rojas;MASCULINO;1993/7/9;ISAPRE;763254
20.240.249-4;Cecilia Paula Rodríguez Campos;FEMENINO;1976/3/12;ISAPRE;1245177
13.532.04-7;Ignacio Andrés Rodríguez Saavedra;MASCULINO;1979/5/15;FONASA;1716075
11.929.379-0;Blanca Andrea Valenzuela Quiroga;FEMENINO;1960/3/10;FONASA;1637241
6.344.02-7;Andrés Gabriel Robles Díaz;MASCULINO;1991/7/23;FONASA;1552196
21.793.495-3;Isabel Daniela Saavedra Campos;FEMENINO;1961/6/10;FONASA;770665
20.200.135-8;Andrea Isidora González Rojas;FEMENINO;1982/3/30;FONASA;804547
6.600.137-3;Felipe Francisco Castro Castro;MASCULINO;1983/6/2;ISAPRE;1012489
8.237.682-6;Andrea Isidora Rojas Valenzuela;FEMENINO;1976/5/10;FONASA;1942361
8.697.935-1;Bernardo Pablo López Robles;MASCULINO;1991/2/26;ISAPRE;1649551
13.961.981-7;María María Castro Robles;FEMENINO;1975/3/16;FONASA;571967
15.089.396-8;Andrea Pamela Robles Robles;FEMENINO;1976/10/9;ISAPRE;429267
18.437.211-6;Bernardo Juan Muñoz Quiroga;MASCULINO;1977/6/17;FONASA;825800
6.927.511-0;Isidora Javiera López Díaz;FEMENINO;1988/3/9;FONASA;828616
18.308.766-4;Cecilia Pamela Campos Ruiz;FEMENINO;2000/12/0;FONASA;127606
17.978.816-6;Javiera Victoria Rojas Marín;FEMENINO;1996/2/15;ISAPRE;1428229
20.570.665-1;Ignacio Ramón Muñoz Díaz;MASCULINO;1969/12/24;FONASA;1109956
18.406.977-3;Constanza Daniela Campos Quiroga;FEMENINO;1979/7/0;FONASA;952890
11.967.121-6;Pablo Gabriel Rodríguez Valenzuela;MASCULINO;1978/8/0;ISAPRE;287120
17.964.252-8;Victoria Constanza Marín Rodríguez;FEMENINO;1976/2/14;FONASA;1108010
17.416.815-4;Pedro Andrés Rojas Vergara;MASCULINO;1990/12/6;ISAPRE;1221108
7.201.886-6;Daniela Constanza González Rodríguez;FEMENINO;1970/8/29;FONASA;330051
19.396.530-5;Isabel Andrea Robles Rojas;FEMENINO;1987/11/24;FONASA;1458426
5.825.250-5;Blanca Paula Vergara Rodríguez;FEMENINO;1969/7/0;FONASA;490069
7.118.797-0;Ramón Bernardo Saavedra Rodríguez;MASCULINO;1962/6/11;FONASA;1516943
11.651.768-1;María Javiera Quiroga López;FEMENINO;1983/6/30;FONASA;346799
5.376.237-0;Pablo Pedro Díaz López;MASCULINO;1966/10/25;FONASA;1576287
11.660.077-1;Isidora Valeria Rodríguez Castro;FEMENINO;1993/5/21;ISAPRE;521883
9.055.601-4;Isabel Ignacia López Saavedra;FEMENINO;1998/3/12;FONASA;799725
18.632.781-9;Paula Blanca Campos Marín;FEMENINO;1983/12/13;ISAPRE;414948
5.760.904-6;Andrés Bernardo Saavedra Marín;MASCULINO;1964/3/13;FONASA;1034095
5.743.349-9;Ignacio Francisco Castro Rojas;MASCULINO;1995/3/14;ISAPRE;419452
10.914.711-8;Gabriel Juan Quiroga Marín;MASCULINO;1999/4/20;FONASA;486546
15.569.233-5;Rodrigo Ramón González Muñoz;MASCULINO;1993/9/11;FONASA;1926917
21.198.770-0;Javiera Constanza Castro Ruiz;FEMENINO;1988/3/28;ISAPRE;583301
5.678.767-4;Gabriel Pedro Rodríguez Castro;MASCULINO;1961/5/4;ISAPRE;1942760
5.145.455-8;Isidora Isidora Valenzuela Quiroga;FEMENINO;1987/2/21;FONASA;206290
10.742.393-7;Bernardo Alejandro Robles López;MASCULINO;1971/4/13;FONASA;782800
14.871.274-8;María Constanza Robles Valenzuela;FEMENINO;1971/11/16;ISAPRE;1315163
14.643.520-1;Juan Ignacio Quiroga Campos;MASCULINO;1992/2/19;FONASA;399137
11.779.952-8;Pamela Blanca Muñoz Ruiz;FEMENINO;1987/2/1;FONASA;155411
21.673.463-7;Cecilia Javiera Robles Marín;FEMENINO;1983/4/29;ISAPRE;1968895
4.464.429-4;Javiera Daniela Vergara Díaz;FEMENINO;1976/6/25;ISAPRE;191000
15.317.679-1;Javier Ignacio González Rodríguez;MASCULINO;1996/10/30;ISAPRE;1314723
21.274.217-5;Rodrigo Andrés Muñoz Marín;MASCULINO;1964/5/19;FONASA;1585081
15.270.363-4;Francisco Ramón Vergara Díaz;MASCULINO;1981/8/23;FONASA;720862
8.683.633-0;Constanza Isidora López Valenzuela;FEMENINO;1984/11/3;FONASA;1404590
5.151.941-1;Pedro Bernardo Saavedra Muñoz;MASCULINO;2000/3/3;ISAPRE;1045520
4.997.622-4;Valeria Andrea Vergara Vergara;FEMENINO;1978/7/30;ISAPRE;1513851
6.523.636-8;Juan Bernardo Marín Valenzuela;MASCULINO;1968/10/4;ISAPRE;1773994
9.056.227-8;Pamela Javiera Muñoz López;FEMENINO;2000/8/8;FONASA;1921865
14.836.901-4;Pablo Javier Robles Saavedra;MASCULINO;1981/4/13;FONASA;1744000
7.243.579-7;Juan Gabriel Saavedra Díaz;MASCULINO;1995/7/17;FONASA;1956465
6.549.232-7;Andrés Javier Saavedra Rodríguez;MASCULINO;1987/10/17;FONASA;1250923
10.174.226-6;Javier Gabriel Ruiz Saavedra;MASCULINO;1999/4/8;ISAPRE;364755
6.609.622-0;Felipe Andrés Rojas Rodríguez;MASCULINO;1985/11/13;FONASA;725773
7.669.069-9;Pedro Juan Rojas Saavedra;MASCULINO;1962/9/28;FONASA;772747
10.450.043-1;Javiera Victoria Muñoz Díaz;FEMENINO;1996/2/24;ISAPRE;1970337
16.477.019-7;Ramón Pablo Rojas Valenzuela;MASCULINO;1973/4/3;FONASA;1651348
10.108.492-8;Pedro Pablo Rojas Saavedra;MASCULINO;1987/5/27;FONASA;1258317
15.705.279-9;Andrés Javier Campos Quiroga;MASCULINO;1964/7/16;ISAPRE;463276
7.084.297-7;Andrea Cecilia Castro Robles;FEMENINO;1987/5/27;FONASA;1131361
20.589.541-3;Vicente Pablo Rodríguez Robles;MASCULINO;1985/3/9;FONASA;705735
4.852.367-5;Ignacia Isabel Ruiz Rodríguez;FEMENINO;1969/5/3;FONASA;1099163
21.536.586-1;Felipe Gabriel López Rojas;MASCULINO;1989/12/1;FONASA;1808239
12.936.982-4;Ramón Andrés Castro Muñoz;MASCULINO;1981/2/19;FONASA;1178525
16.491.237-1;Felipe Ramón Castro González;MASCULINO;1973/12/16;FONASA;1675819
12.620.154-8;Andrés Felipe Díaz González;MASCULINO;1967/12/18;FONASA;172531
7.960.611-4;Ramón Ignacio Campos Díaz;MASCULINO;1991/12/24;FONASA;722185
16.566.679-4;Ignacio Bernardo Castro Castro;MASCULINO;1995/10/7;FONASA;1829976
17.871.389-4;Bernardo Francisco González Ruiz;MASCULINO;1964/1/3;FONASA;1537496
14.429.448-9;Victoria Cecilia Rodríguez Rodríguez;FEMENINO;1963/4/7;FONASA;1505889
13.954.283-4;Pablo Ignacio Rodríguez Castro;MASCULINO;1967/9/30;ISAPRE;578063
16.429.738-1;María Victoria Campos Marín;FEMENINO;1997/6/17;FONASA;878519
5.790.660-6;Gabriel Francisco López Muñoz;MASCULINO;1960/5/28;ISAPRE;1750832
13.681.061-1;Pablo Felipe Valenzuela Díaz;MASCULINO;1967/11/23;FONASA;378783
13.241.512-8;Victoria Javiera González Ruiz;FEMENINO;1969/9/12;FONASA;1119802
19.802.433-8;Isidora Cecilia López Quiroga;FEMENINO;1974/3/19;FONASA;1861131
17.301.498-8;Juan Gabriel López Ruiz;MASCULINO;1995/10/26;FONASA;1011968
20.248.465-1;Pamela Blanca Robles Rodríguez;FEMENINO;1972/8/13;ISAPRE;1770902
14.029.798-8;Rodrigo Bernardo Vergara Castro;MASCULINO;1979/3/11;FONASA;677359
20.104.397-8;Pablo Vicente Castro Castro;MASCULINO;1965/9/25;FONASA;1524513
6.143.290-8;Juan Javier Campos Muñoz;MASCULINO;2000/2/26;ISAPRE;1418610
20.233.758-6;Andrés Juan Rodríguez Marín;MASCULINO;1977/4/14;FONASA;1511937
15.305.683-5;María Daniela Ruiz Vergara;FEMENINO;1967/8/30;FONASA;638858
14.280.125-4;Juan Gabriel Robles González;MASCULINO;1995/8/1;ISAPRE;1338923
14.364.039-5;Ignacio Alejandro Rodríguez López;MASCULINO;1990/2/12;FONASA;1636396
4.348.225-1;Isabel Pamela Quiroga Quiroga;FEMENINO;1968/7/18;FONASA;867122
7.984.336-0;Rodrigo Rodrigo Díaz Rodríguez;MASCULINO;1990/10/22;FONASA;1018223
17.644.117-3;Blanca Andrea Campos López;FEMENINO;1975/2/22;FONASA;1157980
5.783.070-5;Constanza Valeria Rodríguez Saavedra;FEMENINO;1989/7/23;FONASA;1656221
20.258.229-5;Andrés Pablo Rodríguez Valenzuela;MASCULINO;1975/4/20;ISAPRE;1885229
11.226.221-0;Ignacio Bernardo Ruiz Marín;MASCULINO;1999/1/11;FONASA;1051478
15.818.644-6;Felipe Bernardo Robles Muñoz;MASCULINO;1999/3/23;ISAPRE;1284611
9.189.603-1;Felipe Vicente Valenzuela López;MASCULINO;1988/12/24;FONASA;1236739
21.967.425-2;Alejandro Francisco González Muñoz;MASCULINO;1983/9/4;FONASA;180188
21.347.791-0;Ramón Bernardo Muñoz López;MASCULINO;1977/10/18;FONASA;1460787
15.178.214-3;Alejandro Ramón Rojas Díaz;MASCULINO;1962/2/21;FONASA;765728
20.601.609-9;María Javiera López Valenzuela;FEMENINO;1996/11/16;FONASA;1008079
11.321.437-2;Pedro Pedro Marín Díaz;MASCULINO;1978/7/28;FONASA;108804
8.837.910-2;Blanca Blanca Rodríguez López;FEMENINO;1989/3/23;FONASA;1270380
20.284.204-3;Ramón Andrés González Ruiz;MASCULINO;1978/12/26;FONASA;756667
20.441.031-2;Ignacio Javier Quiroga Robles;MASCULINO;1990/10/11;ISAPRE;160584
15.839.930-6;Juan Pablo Campos Saavedra;MASCULINO;1974/12/25;FONASA;215773
18.735.422-3;Pablo Juan Saavedra Rodríguez;MASCULINO;1984/1/20;FONASA;1049476
6.173.351-0;Andrés Pedro Muñoz Vergara;MASCULINO;1995/1/8;FONASA;1893974
15.536.565-5;Ramón Pedro Castro Castro;MASCULINO;1975/2/13;FONASA;1149025
19.696.647-7;Javier Pedro Castro Vergara;MASCULINO;1972/4/4;FONASA;994883
19.499.617-8;Constanza Isabel Quiroga Quiroga;FEMENINO;1980/4/4;ISAPRE;1239202
13.036.475-3;Javier Juan Rojas Vergara;MASCULINO;1999/7/6;FONASA;1295822
21.491.384-6;Juan Vicente Marín Ruiz;MASCULINO;1992/2/24;FONASA;1333125
10.581.478-3;Felipe Vicente Quiroga López;MASCULINO;1965/4/27;FONASA;1311835
7.587.366-3;Ramón Pablo Quiroga Ruiz;MASCULINO;1971/2/18;FONASA;1544557
7.944.707-5;Isidora Blanca Vergara Quiroga;FEMENINO;1983/6/13;FONASA;395133
6.369.292-4;Felipe Juan Muñoz Valenzuela;MASCULINO;1996/3/4;FONASA;964265
15.435.624-5;Bernardo Rodrigo Muñoz Marín;MASCULINO;1997/1/6;ISAPRE;199499
14.773.697-9;Ignacia Blanca Rodríguez Castro;FEMENINO;1968/10/12;FONASA;1464739
14.237.481-0;María Paula Quiroga Rodríguez;FEMENINO;1965/3/29;FONASA;873272
20.957.690-8;Cecilia Isidora Rodríguez Marín;FEMENINO;1991/1/4;ISAPRE;630483
18.899.077-6;Felipe Alejandro Ruiz González;MASCULINO;1963/3/15;FONASA;870821
18.635.234-7;Rodrigo Javier Robles Robles;MASCULINO;1989/7/20;FONASA;1944198
21.063.938-9;Ignacia Constanza Díaz Muñoz;FEMENINO;1987/7/16;FONASA;736989
20.332.143-2;Francisco Javier Saavedra Saavedra;MASCULINO;1961/1/1;FONASA;1777207
13.389.891-6;Javier Bernardo Robles Saavedra;MASCULINO;1995/5/0;ISAPRE;1778503
20.453.877-1;Ignacio Ignacio Castro Vergara;MASCULINO;1976/7/19;FONASA;498220
4.678.034-4;Bernardo Andrés Rojas Campos;MASCULINO;1960/11/5;FONASA;1032654
19.209.432-1;Rodrigo Javier Vergara Valenzuela;MASCULINO;1995/5/15;ISAPRE;444106
12.130.546-9;Rodrigo Bernardo Vergara Díaz;MASCULINO;1963/9/24;FONASA;1330101
10.239.291-7;Pedro Vicente Ruiz Robles;MASCULINO;1979/1/14;ISAPRE;151557
17.811.624-7;Juan Juan Saavedra Saavedra;MASCULINO;1992/9/1;FONASA;1355071
21.091.209-7;Pedro Bernardo Rodríguez Castro;MASCULINO;1971/5/5;FONASA;486167
16.205.917-9;Javiera Pamela Valenzuela Rodríguez;FEMENINO;1985/12/20;FONASA;1684450
11.969.724-0;Andrea Javiera González Rodríguez;FEMENINO;1979/9/17;ISAPRE;318224
17.703.915-8;Ramón Bernardo Quiroga Campos;MASCULINO;1994/1/20;FONASA;1395407
15.910.661-3;Pamela Isabel Castro López;FEMENINO;1968/6/4;ISAPRE;801131
17.779.449-4;Ignacio Juan Rodríguez Marín;MASCULINO;1960/8/29;FONASA;1525856
8.334.597-9;Ramón Javier Rojas Muñoz;MASCULINO;1999/1/26;ISAPRE;584338
9.653.782-7;Isidora Cecilia Castro López;FEMENINO;1981/12/6;FONASA;777288
5.614.210-3;Pedro Javier González López;MASCULINO;1981/12/2;ISAPRE;1862546
18.434.658-2;Isabel Isabel Rodríguez López;FEMENINO;1993/3/2;ISAPRE;986113
11.522.250-2;Alejandro Ignacio Marín Marín;MASCULINO;1962/6/3;FONASA;499071
13.326.750-2;Andrés Pablo Campos López;MASCULINO;1986/5/23;ISAPRE;1390054
5.220.765-4;Felipe Juan Castro Rodríguez;MASCULINO;1983/8/13;FONASA;1124669
12.299.939-5;Andrés Pablo Castro Ruiz;MASCULINO;1984/3/9;FONASA;636182
13.888.668-8;Felipe Felipe González González;MASCULINO;1986/3/17;FONASA;1220635
14.888.710-0;Valeria Daniela Díaz Ruiz;FEMENINO;1987/4/4;ISAPRE;360175
11.501.548-1;Cecilia Andrea Robles Vergara;FEMENINO;1972/7/26;FONASA;875506
18.238.272-6;Cecilia Pamela Quiroga Rodríguez;FEMENINO;1982/7/0;FONASA;1297890
4.191.958-7;Juan Bernardo Díaz Muñoz;MASCULINO;1967/5/6;ISAPRE;516619
4.039.899-9;Bernardo Francisco Muñoz Saavedra;MASCULINO;1972/3/0;ISAPRE;1344550
12.783.126-9;Gabriel Pedro Marín Quiroga;MASCULINO;1961/1/13;FONASA;1786777
10.217.08-5;Javiera Paula Castro González;FEMENINO;1999/6/15;FONASA;805308
16.045.283-4;Cecilia Pamela Muñoz Marín;FEMENINO;1990/7/9;ISAPRE;1132636
15.584.272-9;Isabel Andrea Saavedra Vergara;FEMENINO;1997/8/13;FONASA;1566701
21.188.758-2;Pamela Valeria Ruiz Marín;FEMENINO;1983/11/19;FONASA;361476
9.726.767-0;Pamela Constanza Muñoz Ruiz;FEMENINO;1994/6/22;ISAPRE;1802982
21.233.032-5;Constanza Andrea Quiroga Marín;FEMENINO;1970/12/24;ISAPRE;1148392
13.947.861-4;Valeria Cecilia Valenzuela Díaz;FEMENINO;1992/9/23;FONASA;1804997
21.962.865-1;Andrea Ignacia Rodríguez González;FEMENINO;1978/11/6;FONASA;1134425
13.368.829-1;Andrea Cecilia Quiroga Rodríguez;FEMENINO;1965/4/26;FONASA;1657371
14.809.830-4;Pablo Bernardo Saavedra Rojas;MASCULINO;1995/7/13;FONASA;1253232
5.487.133-4;Alejandro Rodrigo Rodríguez Rodríguez;MASCULINO;1982/1/7;ISAPRE;1403096
17.365.926-7;Bernardo Bernardo Marín Quiroga;MASCULINO;1973/10/1;FONASA;1433937
5.919.941-6;Isabel Isabel Quiroga Muñoz;FEMENINO;1969/4/16;FONASA;266098
6.517.107-1;Felipe Rodrigo Robles Ruiz;MASCULINO;1993/8/12;FONASA;138601
9.614.088-1;Francisco Vicente López Castro;MASCULINO;1972/4/4;FONASA;502789
20.984.340-6;Cecilia Javiera Muñoz Rodríguez;FEMENINO;1964/3/27;FONASA;1915900
5.610.746-1;Gabriel Felipe Rojas Valenzuela;MASCULINO;1977/8/19;ISAPRE;1963328
11.600.922-1;Vicente Juan Díaz Robles;MASCULINO;1990/1/24;FONASA;1095124
19.414.687-0;Valeria Victoria López Muñoz;FEMENINO;1973/3/3;FONASA;1496921
21.067.278-2;Bernardo Javier Rojas Rodríguez;MASCULINO;1966/10/13;FONASA;405112
10.031.970-0;Valeria Constanza Campos Ruiz;FEMENINO;1968/4/21;FONASA;1440515
6.927.266-5;Francisco Alejandro Valenzuela Saavedra;MASCULINO;1960/3/20;FONASA;1898388
14.312.579-5;Pablo Pablo Rojas Vergara;MASCULINO;1962/10/19;FONASA;1449067
4.480.772-1;Javiera Daniela Quiroga Rodríguez;FEMENINO;1965/5/20;ISAPRE;1621459
10.440.915-9;Blanca María Vergara López;FEMENINO;1984/3/21;FONASA;460397
18.169.605-9;Juan Andrés Campos Castro;MASCULINO;1978/2/8;FONASA;204159
4.470.159-8;Bernardo Ignacio Quiroga Vergara;MASCULINO;1965/1/17;ISAPRE;937633
17.138.964-2;Vicente Juan Saavedra González;MASCULINO;1978/1/21;FONASA;1999876
17.034.512-8;Paula Pamela Ruiz Campos;FEMENINO;1967/11/26;FONASA;470026
8.259.192-0;Paula Daniela Ruiz Valenzuela;FEMENINO;1979/9/5;FONASA;1808818
13.168.612-3;Blanca María Valenzuela Díaz;FEMENINO;1961/6/14;FONASA;1467257
17.057.988-0;Rodrigo Francisco Quiroga Vergara;MASCULINO;1970/8/10;ISAPRE;438881
21.607.035-7;Ignacia Isabel Vergara Campos;FEMENINO;1965/4/25;FONASA;225489
17.712.490-8;Andrés Rodrigo Castro Rodríguez;MASCULINO;1993/4/15;FONASA;866091
11.372.227-4;Andrés Alejandro Vergara Ruiz;MASCULINO;1980/1/1;FONASA;1277836
6.990.450-2;Francisco Juan Rodríguez Díaz;MASCULINO;1978/12/15;FONASA;1892735
5.763.942-0;Isidora Blanca Díaz Castro;FEMENINO;1986/10/2;FONASA;1246005
7.502.590-6;Isidora Isidora Vergara Vergara;FEMENINO;1982/9/1;ISAPRE;116761
7.210.691-8;Ignacio Alejandro Quiroga Rodríguez;MASCULINO;1989/10/16;FONASA;1268079
19.235.946-3;Constanza Victoria López Muñoz;FEMENINO;1975/1/8;FONASA;746464
6.445.171-6;Gabriel Vicente Campos Muñoz;MASCULINO;1977/2/8;FONASA;406989
19.314.424-1;Felipe Vicente Vergara Vergara;MASCULINO;1985/1/17;FONASA;1557148
15.344.807-9;Alejandro Andrés Muñoz López;MASCULINO;1977/10/8;ISAPRE;553757
15.455.448-8;María María Quiroga Marín;FEMENINO;1990/3/11;FONASA;1843550
11.733.573-9;Constanza Victoria Campos Castro;FEMENINO;2000/12/20;ISAPRE;902052
4.857.023-4;Felipe Andrés Rojas Rojas;MASCULINO;1960/8/15;ISAPRE;1460622
18.106.018-3;Gabriel Alejandro Rodríguez Saavedra;MASCULINO;1985/12/28;FONASA;1438272
6.698.825-3;Javiera Daniela Rojas Castro;FEMENINO;1997/1/21;FONASA;1812508
10.947.696-1;Paula Paula Saavedra Campos;FEMENINO;1963/10/13;FONASA;1351825
7.573.862-1;Felipe Javier Marín Campos;MASCULINO;1964/4/27;FONASA;427287
13.257.133-0;Ignacia Paula Rodríguez Rodríguez;FEMENINO;1988/6/14;FONASA;1653725
14.744.035-9;Isidora Constanza González Rodríguez;FEMENINO;1987/2/9;FONASA;1401770
8.358.862-6;Paula Constanza González López;FEMENINO;1977/4/21;FONASA;196029
15.546.331-8;Daniela Isidora Vergara Quiroga;FEMENINO;1990/11/6;FONASA;327306
15.723.745-9;Felipe Felipe Robles Valenzuela;MASCULINO;1962/12/18;FONASA;646077
4.640.489-4;Bernardo Bernardo Quiroga Rojas;MASCULINO;1984/10/5;FONASA;1236168
19.295.162-6;María Isidora Vergara Vergara;FEMENINO;1960/4/13;ISAPRE;1865441
8.997.332-7;Blanca Pamela Rojas Rodríguez;FEMENINO;1967/7/22;FONASA;1782791
11.066.569-1;Valeria Ignacia López Díaz;FEMENINO;1979/11/8;FONASA;1157107
11.058.450-1;Pamela Victoria Rodríguez Rojas;FEMENINO;1986/2/5;FONASA;930289
15.173.946-3;Andrea Cecilia Quiroga Campos;FEMENINO;1974/10/14;FONASA;1603165
11.830.663-5;Ignacio Juan Quiroga Castro;MASCULINO;1963/10/12;ISAPRE;977763
15.316.421-9;Blanca Pamela Saavedra Marín;FEMENINO;1964/2/15;FONASA;922872
13.429.864-4;Juan Gabriel Saavedra Vergara;MASCULINO;1989/1/23;FONASA;758496
15.198.131-2;Rodrigo Rodrigo Vergara Vergara;MASCULINO;1972/6/17;FONASA;1351559
21.154.925-9;Juan Ramón Díaz Vergara;MASCULINO;1983/1/30;FONASA;412192
6.038.149-6;Francisco Gabriel Ruiz Saavedra;MASCULINO;1983/7/17;FONASA;154039
13.883.820-9;Blanca Isidora Ruiz Ruiz;FEMENINO;1996/1/7;FONASA;122543
20.581.909-0;Gabriel Ramón Campos Marín;MASCULINO;1979/11/10;FONASA;559348
14.558.634-2;Francisco Vicente Rodríguez Rodríguez;MASCULINO;1991/5/28;ISAPRE;195672
12.855.084-8;Rodrigo Juan Muñoz Rojas;MASCULINO;1977/11/6;ISAPRE;868438
20.132.078-6;Cecilia Cecilia Díaz Vergara;FEMENINO;1960/1/3;FONASA;1014626
9.363.222-0;Daniela Javiera López Rodríguez;FEMENINO;1970/6/8;FONASA;1242927
16.341.115-8;Francisco Pedro Rodríguez Robles;MASCULINO;1975/8/14;ISAPRE;1459328
20.715.997-1;Isabel Valeria Quiroga Robles;FEMENINO;1977/5/5;ISAPRE;1844926
18.194.661-0;Felipe Pedro Quiroga Rodríguez;MASCULINO;1966/12/22;FONASA;1370224
16.035.818-5;Victoria Daniela Vergara González;FEMENINO;1961/5/19;FONASA;569946
13.033.100-5;Ignacio Juan Ruiz Vergara;MASCULINO;1983/3/28;FONASA;911274
14.757.406-8;Blanca Victoria Robles Saavedra;FEMENINO;1987/6/26;FONASA;1720691
16.159.120-1;María Andrea López Saavedra;FEMENINO;1981/6/20;FONASA;1029415
5.687.062-6;Daniela Isidora Rojas Vergara;FEMENINO;1968/12/13;ISAPRE;1348971
8.485.663-4;Alejandro Juan Díaz Quiroga;MASCULINO;1967/11/30;FONASA;598343
7.733.542-3;María Andrea Saavedra Robles;FEMENINO;1989/10/19;ISAPRE;1108590
15.07.333-8;Ignacia Isidora Rodríguez González;FEMENINO;1995/2/14;FONASA;147058
14.433.061-0;Pedro Ignacio Robles Robles;MASCULINO;1977/3/13;ISAPRE;1914070
6.453.721-2;Bernardo Javier Castro Díaz;MASCULINO;1979/2/5;FONASA;830875
10.428.07-5;Alejandro Bernardo Rodríguez Ruiz;MASCULINO;1968/12/17;FONASA;616235
12.946.977-3;Ramón Alejandro Marín Rodríguez;MASCULINO;1969/11/9;ISAPRE;211574
5.713.107-4;Pamela Cecilia Valenzuela Marín;FEMENINO;1998/10/7;FONASA;331327
21.276.641-5;Valeria Ignacia Castro Campos;FEMENINO;1980/8/10;FONASA;1371354
7.571.01-7;Constanza Paula Rojas Vergara;FEMENINO;1979/12/2;FONASA;779396
11.403.639-9;Alejandro Andrés Rodríguez Rodríguez;MASCULINO;1966/9/7;FONASA;1161044
17.905.796-2;Juan Gabriel Robles Vergara;MASCULINO;1974/5/12;FONASA;630028
6.991.968-0;Ramón Gabriel Vergara Marín;MASCULINO;1972/8/0;FONASA;1799320
15.806.862-8;Ignacio Rodrigo Rodríguez Saavedra;MASCULINO;1989/8/8;FONASA;1726870
12.299.614-7;Gabriel Felipe Robles Rojas;MASCULINO;1983/6/12;FONASA;120169
18.171.270-5;Constanza Isidora Valenzuela Rodríguez;FEMENINO;1996/7/5;FONASA;868309
14.775.849-1;Ramón Francisco Rodríguez Rojas;MASCULINO;1985/6/17;FONASA;1647942
21.220.974-4;Ramón Alejandro Marín Rodríguez;MASCULINO;1988/2/9;ISAPRE;493365
13.605.458-0;Valeria Isidora Rodríguez Campos;FEMENINO;1995/12/12;ISAPRE;880887
5.557.956-2;Ignacia Andrea González Ruiz;FEMENINO;1988/11/22;FONASA;1439821
8.276.249-4;Gabriel Felipe Campos Castro;MASCULINO;1979/12/30;FONASA;1334328
10.657.675-4;Vicente Ignacio Robles Rodríguez;MASCULINO;1998/12/20;FONASA;1529814
20.035.094-3;Daniela Daniela González Rojas;FEMENINO;1976/9/24;FONASA;1972252
19.085.412-0;Felipe Francisco Campos López;MASCULINO;1979/3/23;FONASA;1525771
5.645.638-1;Javier Felipe Castro Muñoz;MASCULINO;1970/12/26;FONASA;1771177
4.463.104-0;Pedro Felipe González López;MASCULINO;1986/11/2;FONASA;1873267
14.455.298-8;Isidora Constanza López Saavedra;FEMENINO;1998/11/25;FONASA;1118640
12.391.118-7;Isabel Pamela Rojas Muñoz;FEMENINO;1960/3/6;ISAPRE;908578
6.351.709-4;Alejandro Andrés Quiroga Castro;MASCULINO;2000/6/0;ISAPRE;311596
18.808.957-6;Juan Gabriel Vergara González;MASCULINO;1979/3/19;FONASA;609904
17.947.010-0;Isabel Valeria Castro Campos;FEMENINO;1985/8/17;FONASA;1256458
19.664.460-9;Andrés Pedro González Díaz;MASCULINO;1960/8/9;FONASA;167850
18.462.228-5;Javiera Javiera López Castro;FEMENINO;1977/2/20;ISAPRE;1057743
12.445.655-4;Ignacio Francisco González Saavedra;MASCULINO;1984/5/16;FONASA;1308866
18.514.849-5;Cecilia Cecilia Rojas Muñoz;FEMENINO;1977/1/26;FONASA;689014
13.172.631-4;Victoria Victoria López Rojas;FEMENINO;1994/2/5;FONASA;1480165
12.433.010-2;Daniela Javiera Quiroga Rojas;FEMENINO;1980/11/14;FONASA;1998961
4.301.572-0;Constanza Blanca Muñoz Valenzuela;FEMENINO;1963/8/5;FONASA;983533
10.443.469-1;Felipe Pablo Valenzuela Valenzuela;MASCULINO;1979/10/8;FONASA;190817
11.605.606-3;Cecilia Pamela López Rodríguez;FEMENINO;1994/11/10;FONASA;1062704
20.777.458-2;Javiera Ignacia González Robles;FEMENINO;2000/3/10;FONASA;1986369
18.027.489-0;Valeria Constanza Rojas Muñoz;FEMENINO;1969/10/8;FONASA;1274055
18.472.433-4;Vicente Ignacio Rojas González;MASCULINO;1980/12/25;ISAPRE;584514
17.459.348-4;Pamela Constanza Ruiz Muñoz;FEMENINO;1981/10/22;FONASA;1275342
9.841.228-8;Andrés Alejandro Quiroga Rodríguez;MASCULINO;1974/7/2;FONASA;417254
15.111.323-8;Pedro Vicente Marín Robles;MASCULINO;1990/9/21;FONASA;1156301
12.758.861-1;Pablo Rodrigo Marín Ruiz;MASCULINO;1996/1/30;ISAPRE;1055014
16.470.336-2;Javier Bernardo Rodríguez Rodríguez;MASCULINO;1978/9/12;FONASA;603994
15.071.935-9;Isidora Isidora Castro Castro;FEMENINO;1964/6/23;FONASA;1185795
12.326.490-4;Isidora Andrea Rodríguez Rodríguez;FEMENINO;1982/8/4;ISAPRE;474070
19.826.438-2;Rodrigo Juan Marín López;MASCULINO;1968/7/24;ISAPRE;1190218
18.287.760-3;Gabriel Juan Ruiz Rodríguez;MASCULINO;1986/3/5;FONASA;1988390
21.01.663-0;Ramón Andrés Quiroga Saavedra;MASCULINO;1961/11/21;FONASA;1343855
19.058.379-4;Valeria María Vergara Campos;FEMENINO;2000/11/22;ISAPRE;1155567
16.162.257-1;Pedro Pedro Quiroga López;MASCULINO;1992/8/27;ISAPRE;1799814
19.634.154-8;Pablo Felipe Ruiz Marín;MASCULINO;1993/9/25;FONASA;820171
13.613.02-0;Rodrigo Pedro Saavedra Castro;MASCULINO;1968/6/9;ISAPRE;1763634
13.308.166-5;Pamela Pamela Campos Muñoz;FEMENINO;1965/10/18;FONASA;1682185
9.665.186-9;Bernardo Alejandro Rodríguez Campos;MASCULINO;1966/8/27;FONASA;474725
6.414.744-3;Paula Isidora López Quiroga;FEMENINO;1986/7/17;FONASA;1910838
8.445.999-1;Ignacio Alejandro López Muñoz;MASCULINO;1962/1/4;FONASA;1016320
15.747.333-3;Bernardo Juan Robles Robles;MASCULINO;1964/1/6;FONASA;385492
11.03.393-6;Javier Bernardo Rodríguez Ruiz;MASCULINO;1998/8/5;ISAPRE;829356
12.219.431-9;Javier Alejandro Robles Robles;MASCULINO;1977/3/21;FONASA;1482978
9.724.654-4;Ramón Pablo Ruiz Robles;MASCULINO;1960/11/2;FONASA;1341130
19.998.934-1;Ramón Juan Marín Saavedra;MASCULINO;1999/6/14;FONASA;1726328
21.889.040-4;Cecilia María Rojas González;FEMENINO;1974/3/14;FONASA;1403678
9.669.704-4;Alejandro Juan Robles González;MASCULINO;1970/6/25;FONASA;1884117
20.773.563-4;Bernardo Andrés López Campos;MASCULINO;1995/3/10;FONASA;1115445
16.330.527-8;Gabriel Javier Valenzuela Ruiz;MASCULINO;2000/6/29;FONASA;1546966
21.050.270-5;Isabel Pamela Rojas Valenzuela;FEMENINO;1998/2/14;FONASA;900316
8.876.840-5;Pablo Ignacio Saavedra Muñoz;MASCULINO;1962/5/18;FONASA;223070
5.455.725-8;Felipe Vicente Rodríguez Quiroga;MASCULINO;1977/9/11;FONASA;1089550
18.829.120-0;Constanza Blanca Rojas Díaz;FEMENINO;1985/2/19;FONASA;105998
15.778.763-8;Valeria Andrea López Vergara;FEMENINO;1985/10/11;ISAPRE;1668860
19.842.404-3;Felipe Bernardo Rodríguez Rojas;MASCULINO;1968/4/21;ISAPRE;1400080
6.880.278-7;Vicente Andrés Muñoz González;MASCULINO;1979/3/26;ISAPRE;1615447
12.770.537-0;Blanca Isidora Rodríguez Díaz;FEMENINO;1994/7/14;FONASA;840416
6.561.441-8;Ramón Pablo Rodríguez Rodríguez;MASCULINO;1982/1/18;FONASA;789059
21.773.327-6;Andrés Felipe Marín Saavedra;MASCULINO;2000/11/29;ISAPRE;695316
18.556.129-7;Francisco Pedro Muñoz Díaz;MASCULINO;1977/11/4;FONASA;1868407
8.145.608-0;Vicente Javier Saavedra Campos;MASCULINO;1978/2/10;FONASA;1349176
15.558.476-1;Javiera Andrea Rodríguez Rodríguez;FEMENINO;1987/10/30;FONASA;1321380
14.682.254-7;Javiera Daniela Valenzuela Marín;FEMENINO;1969/7/21;FONASA;215313
17.394.939-3;Javier Alejandro Saavedra Quiroga;MASCULINO;1966/12/12;FONASA;1665705
13.646.711-6;Felipe Vicente Díaz Robles;MASCULINO;1996/11/13;FONASA;124210
4.786.472-1;Ramón Ramón Vergara Valenzuela;MASCULINO;1983/2/15;FONASA;485355
15.034.332-9;Ramón Francisco Campos Castro;MASCULINO;1973/11/26;FONASA;1004494
13.268.328-6;Valeria Javiera Rojas Marín;FEMENINO;1970/2/8;FONASA;1219203
6.033.112-2;Vicente Pedro González Ruiz;MASCULINO;1975/11/21;ISAPRE;628235
7.837.350-1;María Constanza Valenzuela Quiroga;FEMENINO;1994/6/24;FONASA;319927
9.097.028-5;Pablo Bernardo Marín Marín;MASCULINO;1987/7/16;FONASA;1693033
16.533.524-2;Alejandro Gabriel Muñoz Muñoz;MASCULINO;1993/12/8;FONASA;866851
16.389.122-7;Blanca Ignacia Campos Quiroga;FEMENINO;1963/6/4;FONASA;330166
9.236.257-9;Constanza Cecilia Campos Robles;FEMENINO;1999/11/6;FONASA;222658
6.314.840-4;Andrea Isidora Saavedra Rodríguez;FEMENINO;1965/7/9;ISAPRE;559635
8.218.037-5;Rodrigo Vicente Valenzuela Robles;MASCULINO;1965/8/22;ISAPRE;1523087
18.627.595-1;Daniela Isabel Ruiz Ruiz;FEMENINO;1989/4/6;FONASA;1968319
7.335.616-7;Pedro Felipe Saavedra Rodríguez;MASCULINO;1991/12/13;FONASA;1312455
14.702.686-6;Ramón Pedro Valenzuela Castro;MASCULINO;1967/10/30;FONASA;1620008
11.994.496-9;María Andrea Saavedra Valenzuela;FEMENINO;1988/8/26;FONASA;548777
13.339.941-8;Isidora Daniela Robles Vergara;FEMENINO;1995/2/22;FONASA;269257
15.241.599-6;Valeria Cecilia Rodríguez Rojas;FEMENINO;1966/7/27;FONASA;1281746
15.927.686-5;Ramón Gabriel Díaz Díaz;MASCULINO;1969/8/9;FONASA;936664
16.694.301-2;Rodrigo Felipe López González;MASCULINO;1965/5/3;FONASA;1574760
20.619.507-7;Vicente Javier Robles Rojas;MASCULINO;1965/5/17;FONASA;1539682
15.294.514-4;Francisco Felipe Marín López;MASCULINO;1969/8/10;ISAPRE;513585
9.628.848-2;Ignacia María Marín Muñoz;FEMENINO;1970/6/19;FONASA;1643063
5.335.422-3;Alejandro Gabriel Rodríguez Robles;MASCULINO;1967/7/0;FONASA;177530
7.698.530-6;Pedro Alejandro González Vergara;MASCULINO;1990/1/13;FONASA;112576
4.060.266-8;Rodrigo Vicente Marín Rojas;MASCULINO;1974/10/16;ISAPRE;574264
8.557.392-2;Isabel Isidora Quiroga Marín;FEMENINO;1974/11/8;ISAPRE;229273
11.409.492-8;Constanza Constanza Rojas Robles;FEMENINO;1964/2/22;FONASA;246897
13.236.619-4;Andrés Bernardo Castro Rodríguez;MASCULINO;1973/9/22;FONASA;1620022
16.694.392-5;Paula Victoria Marín Robles;FEMENINO;1972/1/19;FONASA;1587942
5.284.994-0;Pablo Juan Ruiz Marín;MASCULINO;1974/9/23;FONASA;606416
13.977.530-0;Javier Francisco Muñoz Rojas;MASCULINO;1982/3/14;ISAPRE;1255743
10.537.647-9;María Isidora Rojas Quiroga;FEMENINO;1998/5/19;FONASA;1617919
8.034.995-5;María Cecilia González Castro;FEMENINO;1976/6/19;FONASA;808331
5.098.663-2;Pedro Javier Robles Vergara;MASCULINO;1992/10/19;FONASA;209428
4.190.830-3;Isabel Andrea Campos Saavedra;FEMENINO;1990/11/24;ISAPRE;1456772
13.651.988-0;Pamela Constanza López Rodríguez;FEMENINO;1999/12/24;FONASA;1997680
14.951.034-9;Felipe Rodrigo Marín Díaz;MASCULINO;1987/6/17;FONASA;1165426
18.00.659-7;Francisco Javier Rodríguez Valenzuela;MASCULINO;1987/3/8;ISAPRE;1984401
6.695.425-2;Valeria Victoria Vergara Ruiz;FEMENINO;1966/2/17;ISAPRE;675408
5.832.552-3;Andrés Ramón Rojas Saavedra;MASCULINO;1979/8/16;ISAPRE;1566412
13.631.204-1;Andrés Pedro Marín Díaz;MASCULINO;1970/9/13;ISAPRE;939152
18.580.186-6;María Cecilia Valenzuela Rojas;FEMENINO;1967/1/30;ISAPRE;1809890
19.356.079-7;Ramón Bernardo González Campos;MASCULINO;1993/9/6;ISAPRE;1531775
20.331.655-9;María Daniela Rodríguez Rodríguez;FEMENINO;1993/12/3;FONASA;392445
16.731.958-7;Valeria Valeria Campos Campos;FEMENINO;1999/3/15;FONASA;885504
20.897.312-1;Ramón Pablo Muñoz Rodríguez;MASCULINO;1964/7/11;FONASA;539706
4.395.141-2;Vicente Vicente Rojas Robles;MASCULINO;1986/4/16;FONASA;1796940
12.158.315-6;Blanca Valeria Marín Campos;FEMENINO;1980/7/10;FONASA;835023
11.501.307-4;Rodrigo Vicente Valenzuela Valenzuela;MASCULINO;1975/8/4;FONASA;1248550
6.937.064-1;Pamela Paula Castro Ruiz;FEMENINO;1996/2/11;FONASA;657884
12.077.130-0;Felipe Javier Muñoz Vergara;MASCULINO;1982/3/30;FONASA;1356287
10.647.745-3;Pablo Ramón Muñoz Díaz;MASCULINO;1996/2/21;ISAPRE;1122431
6.891.096-8;Daniela Pamela Quiroga Robles;FEMENINO;1984/6/14;FONASA;1691879
4.097.997-4;Constanza María Díaz Valenzuela;FEMENINO;1977/3/7;ISAPRE;1206133
18.376.244-5;Constanza Isidora Rojas Rodríguez;FEMENINO;1982/5/6;FONASA;710264
9.027.993-8;Blanca Cecilia Campos Rodríguez;FEMENINO;1981/11/5;FONASA;1197859
17.683.690-6;Ignacio Vicente Saavedra Robles;MASCULINO;1988/12/11;FONASA;846782
12.237.034-1;Pamela Ignacia Díaz Vergara;FEMENINO;1974/6/23;FONASA;1591371
14.170.563-8;Pablo Felipe Rojas Rojas;MASCULINO;1960/6/30;ISAPRE;1330862
5.347.565-4;Constanza Cecilia Ruiz Vergara;FEMENINO;1975/11/13;FONASA;121864
14.371.466-8;Pablo Javier Saavedra Robles;MASCULINO;1986/10/30;FONASA;1176474
7.578.502-2;Andrea Isidora Saavedra Campos;FEMENINO;1980/6/13;ISAPRE;973659
19.732.064-2;Daniela Ignacia Campos Rojas;FEMENINO;1974/10/1;FONASA;1069683
15.027.674-6;Ignacio Alejandro González Campos;MASCULINO;1980/5/27;FONASA;326986
16.652.447-7;Isidora Pamela Rodríguez Díaz;FEMENINO;1969/10/13;FONASA;769840
11.087.707-2;Constanza Isabel Valenzuela Quiroga;FEMENINO;1974/4/8;FONASA;1626593
4.015.647-9;Ramón Rodrigo Quiroga Rojas;MASCULINO;1998/12/20;FONASA;1669076
8.016.974-7;Andrea Ignacia Ruiz Quiroga;FEMENINO;1985/7/26;FONASA;1034949
13.780.496-8;Ramón Francisco Valenzuela Valenzuela;MASCULINO;1996/10/12;ISAPRE;1228834
6.509.713-1;Isidora María Castro Díaz;FEMENINO;1993/3/16;ISAPRE;805084
10.782.816-5;Pablo Bernardo Marín Rodríguez;MASCULINO;1962/3/19;FONASA;1273143
8.047.856-4;Isidora Ignacia Díaz Vergara;FEMENINO;1992/11/13;ISAPRE;141725
20.312.199-4;Francisco Gabriel González González;MASCULINO;1981/7/13;ISAPRE;1251681
